"price_id","product_code","unit_price","effective_from","effective_to","created_at"
1,"000214004000000",2305555.56,2025-01-02,,2026-05-19 22:11:27.114 +0700
2,"000333002022000",3509259.26,2025-01-06,,2026-05-19 22:11:27.114 +0700
3,"000224002004000",2398148.15,2025-01-06,,2026-05-19 22:11:27.114 +0700
4,"000217003001000",2453703.70,2025-01-06,,2026-05-19 22:11:27.114 +0700
5,"000217002007000",2212962.96,2025-01-07,,2026-05-19 22:11:27.114 +0700
6,"000225002015000",1898148.00,2025-01-07,,2026-05-19 22:11:27.114 +0700
7,"000226003015000",2037037.00,2025-01-07,,2026-05-19 22:11:27.114 +0700
8,"1000300050010000",2943055.56,2025-01-08,,2026-05-19 22:11:27.114 +0700
9,"000207004000000",1498611.11,2025-01-08,,2026-05-19 22:11:27.114 +0700
10,"000401002016002",1516666.67,2025-01-08,,2026-05-19 22:11:27.114 +0700
11,"000131002007000",1197685.19,2025-01-08,,2026-05-19 22:11:27.114 +0700
12,"1030010000080000",1289814.81,2025-01-08,,2026-05-19 22:11:27.114 +0700
13,"000224002004000",1558796.30,2025-01-08,,2026-05-19 22:11:27.114 +0700
14,"000214004000000",1498611.11,2025-01-08,,2026-05-19 22:11:27.114 +0700
15,"000225002004000",1618981.48,2025-01-08,,2026-05-19 22:11:27.114 +0700
16,"000226003015000",1685185.19,2025-01-08,,2026-05-19 22:11:27.114 +0700
17,"000217003001000",1594907.41,2025-01-08,,2026-05-19 22:11:27.114 +0700
18,"000331002004000",1799537.04,2025-01-08,,2026-05-19 22:11:27.114 +0700
19,"1000210020090000",470000.00,2025-01-09,,2026-05-19 22:11:27.114 +0700
20,"1040010000080000",1231481.48,2025-01-09,,2026-05-19 22:11:27.114 +0700
21,"1000220020090000",500000.00,2025-01-09,,2026-05-19 22:11:27.114 +0700
22,"000117002023000",500000.00,2025-01-09,,2026-05-19 22:11:27.114 +0700
23,"000218002007000",2305555.56,2025-01-09,,2026-05-19 22:11:27.114 +0700
24,"1000270020220000",500000.00,2025-01-09,,2026-05-19 22:11:27.114 +0700
25,"1000270020150000",500000.00,2025-01-09,,2026-05-19 22:11:27.114 +0700
26,"000218004005000",3324074.07,2025-01-09,,2026-05-19 22:11:27.114 +0700
27,"000224002004000",2222222.22,2025-01-09,,2026-05-19 22:11:27.114 +0700
28,"000225002009000",1180000.00,2025-01-10,,2026-05-19 22:11:27.114 +0700
29,"000225002002000",1180000.00,2025-01-10,,2026-05-19 22:11:27.114 +0700
30,"000225002023000",1180000.00,2025-01-10,,2026-05-19 22:11:27.114 +0700
31,"000331002022000",1250000.00,2025-01-10,,2026-05-19 22:11:27.114 +0700
32,"000216003001000",1200000.00,2025-01-10,,2026-05-19 22:11:27.114 +0700
33,"000225002025000",1180000.00,2025-01-10,,2026-05-19 22:11:27.114 +0700
34,"000226003023000",1200000.00,2025-01-10,,2026-05-19 22:11:27.114 +0700
35,"000224002023000",1130000.00,2025-01-10,,2026-05-19 22:11:27.114 +0700
36,"000226003015000",1200000.00,2025-01-10,,2026-05-19 22:11:27.114 +0700
37,"000401002022000",1300000.00,2025-01-10,,2026-05-19 22:11:27.114 +0700
38,"000224002002000",1130000.00,2025-01-10,,2026-05-19 22:11:27.114 +0700
39,"000224002009000",1130000.00,2025-01-10,,2026-05-19 22:11:27.114 +0700
40,"000226003002000",1200000.00,2025-01-10,,2026-05-19 22:11:27.114 +0700
41,"000330002001000",1200000.00,2025-01-10,,2026-05-19 22:11:27.114 +0700
42,"000224002015000",1130000.00,2025-01-10,,2026-05-19 22:11:27.114 +0700
43,"000224002026000",1130000.00,2025-01-10,,2026-05-19 22:11:27.114 +0700
44,"000125002009000",1050000.00,2025-01-10,,2026-05-19 22:11:27.114 +0700
45,"000125002013000",1050000.00,2025-01-10,,2026-05-19 22:11:27.114 +0700
46,"000333002001000",1300000.00,2025-01-10,,2026-05-19 22:11:27.114 +0700
47,"000333002022000",1300000.00,2025-01-10,,2026-05-19 22:11:27.114 +0700
48,"000226003014000",1200000.00,2025-01-10,,2026-05-19 22:11:27.114 +0700
49,"000314002005000",1200000.00,2025-01-10,,2026-05-19 22:11:27.114 +0700
50,"000214004000000",1250000.00,2025-01-10,,2026-05-19 22:11:27.114 +0700
51,"000216003008000",1200000.00,2025-01-10,,2026-05-19 22:11:27.114 +0700
52,"000218003001000",1270000.00,2025-01-10,,2026-05-19 22:11:27.114 +0700
53,"000218003005000",1270000.00,2025-01-10,,2026-05-19 22:11:27.114 +0700
54,"000226003015000",2592592.59,2025-01-10,,2026-05-19 22:11:27.114 +0700
55,"000225002007000",2490740.74,2025-01-10,,2026-05-19 22:11:27.114 +0700
56,"000225002015000",1180000.00,2025-01-10,,2026-05-19 22:11:27.114 +0700
57,"000125002002000",1050000.00,2025-01-10,,2026-05-19 22:11:27.114 +0700
58,"1000240020090000",500000.00,2025-01-10,,2026-05-19 22:11:27.114 +0700
59,"1000240020220000",500000.00,2025-01-10,,2026-05-19 22:11:27.114 +0700
60,"1000230020090000",470000.00,2025-01-10,,2026-05-19 22:11:27.114 +0700
61,"1000220020220000",500000.00,2025-01-10,,2026-05-19 22:11:27.114 +0700
62,"000218003008000",1270000.00,2025-01-10,,2026-05-19 22:11:27.114 +0700
63,"000217003001000",1250000.00,2025-01-10,,2026-05-19 22:11:27.114 +0700
64,"000217003005000",1250000.00,2025-01-10,,2026-05-19 22:11:27.114 +0700
65,"1000300050080000",2150000.00,2025-01-10,,2026-05-19 22:11:27.114 +0700
66,"000217003008000",1250000.00,2025-01-10,,2026-05-19 22:11:27.114 +0700
67,"1000300050010000",2150000.00,2025-01-10,,2026-05-19 22:11:27.114 +0700
68,"1000330010240000",1490092.59,2025-01-11,,2026-05-19 22:11:27.114 +0700
69,"1040010000080000",1490092.59,2025-01-11,,2026-05-19 22:11:27.114 +0700
70,"1000210020090000",1062314.81,2025-01-11,,2026-05-19 22:11:27.114 +0700
71,"1000250020220000",1133611.11,2025-01-11,,2026-05-19 22:11:27.114 +0700
72,"1000270020220000",1133611.11,2025-01-11,,2026-05-19 22:11:27.114 +0700
73,"1000220020090000",1133611.11,2025-01-11,,2026-05-19 22:11:27.114 +0700
74,"1000340010090000",1418796.30,2025-01-11,,2026-05-19 22:11:27.114 +0700
75,"000217004005000",2488240.74,2025-01-11,,2026-05-19 22:11:27.114 +0700
76,"000123002009000",1561388.89,2025-01-11,,2026-05-19 22:11:27.114 +0700
77,"000231003002000",2844722.22,2025-01-11,,2026-05-19 22:11:27.114 +0700
78,"000330002002200",1917870.37,2025-01-11,,2026-05-19 22:11:27.114 +0700
79,"1000320010090000",1703981.48,2025-01-11,,2026-05-19 22:11:27.114 +0700
80,"000124002009000",1775277.78,2025-01-11,,2026-05-19 22:11:27.114 +0700
81,"1000270020150000",1133611.11,2025-01-11,,2026-05-19 22:11:27.114 +0700
82,"1000250020050000",1133611.11,2025-01-11,,2026-05-19 22:11:27.114 +0700
83,"000217003005000",1846574.07,2025-01-11,,2026-05-19 22:11:27.114 +0700
84,"000304002004000",1960648.15,2025-01-11,,2026-05-19 22:11:27.114 +0700
85,"000131002007000",1418796.30,2025-01-11,,2026-05-19 22:11:27.114 +0700
86,"000225002004000",1917870.37,2025-01-11,,2026-05-19 22:11:27.114 +0700
87,"000226003015000",1996296.30,2025-01-11,,2026-05-19 22:11:27.114 +0700
88,"000217004008000",2488240.74,2025-01-11,,2026-05-19 22:11:27.114 +0700
89,"000217003001000",1846574.07,2025-01-11,,2026-05-19 22:11:27.114 +0700
90,"000314002020000",2488240.74,2025-01-11,,2026-05-19 22:11:27.114 +0700
91,"000225002007000",1917870.37,2025-01-11,,2026-05-19 22:11:27.114 +0700
92,"000218002007000",2175925.92,2025-01-11,,2026-05-19 22:11:27.114 +0700
93,"000331002022000",2076388.88,2025-01-11,,2026-05-19 22:11:27.114 +0700
94,"000331002008000",2076388.88,2025-01-11,,2026-05-19 22:11:27.114 +0700
95,"000227002009000",1846574.07,2025-01-11,,2026-05-19 22:11:27.114 +0700
96,"1000220020220000",1133611.11,2025-01-11,,2026-05-19 22:11:27.114 +0700
97,"000314002019000",2488240.74,2025-01-11,,2026-05-19 22:11:27.114 +0700
98,"000413002001000",1450000.00,2025-01-13,,2026-05-19 22:11:27.114 +0700
99,"000413002003000",1450000.00,2025-01-13,,2026-05-19 22:11:27.114 +0700
100,"000413002022000",1450000.00,2025-01-13,,2026-05-19 22:11:27.114 +0700
101,"000208002007000",1498148.14,2025-01-13,,2026-05-19 22:11:27.114 +0700
102,"000216002007000",1498148.14,2025-01-13,,2026-05-19 22:11:27.114 +0700
103,"000331002008000",1250000.00,2025-01-13,,2026-05-19 22:11:27.114 +0700
104,"100029005020000",3222643.10,2025-01-13,,2026-05-19 22:11:27.114 +0700
105,"000216003005000",1200000.00,2025-01-13,,2026-05-19 22:11:27.114 +0700
106,"000207004000000",1250000.00,2025-01-13,,2026-05-19 22:11:27.114 +0700
107,"100029005001000",3222643.10,2025-01-13,,2026-05-19 22:11:27.114 +0700
108,"000208002007000",1100000.00,2025-01-13,,2026-05-19 22:11:27.114 +0700
109,"000208002023000",1100000.00,2025-01-13,,2026-05-19 22:11:27.114 +0700
110,"000209002025000",1150000.00,2025-01-13,,2026-05-19 22:11:27.114 +0700
111,"1000260020220000",470000.00,2025-01-13,,2026-05-19 22:11:27.114 +0700
112,"000324000180000",1300000.00,2025-01-15,,2026-05-19 22:11:27.114 +0700
113,"000335002001000",1200000.00,2025-01-15,,2026-05-19 22:11:27.114 +0700
114,"000215004000000",1280000.00,2025-01-15,,2026-05-19 22:11:27.114 +0700
115,"000217002001000",1150000.00,2025-01-15,,2026-05-19 22:11:27.114 +0700
116,"000218002001000",1180000.00,2025-01-15,,2026-05-19 22:11:27.114 +0700
117,"000335002013000",1200000.00,2025-01-15,,2026-05-19 22:11:27.114 +0700
118,"000231003002000",1200000.00,2025-01-15,,2026-05-19 22:11:27.114 +0700
119,"1040010000080000",1935185.19,2025-01-16,,2026-05-19 22:11:27.114 +0700
120,"000217003008000",2453703.70,2025-01-16,,2026-05-19 22:11:27.114 +0700
121,"000217003005000",2453703.70,2025-01-16,,2026-05-19 22:11:27.114 +0700
122,"1000270020150000",1148333.00,2025-01-16,,2026-05-19 22:11:27.114 +0700
123,"1000240020090000",1148333.00,2025-01-16,,2026-05-19 22:11:27.114 +0700
124,"000225002007000",1898148.00,2025-01-16,,2026-05-19 22:11:27.114 +0700
125,"000224002004000",1842592.00,2025-01-16,,2026-05-19 22:11:27.114 +0700
126,"1000210020090000",1076111.00,2025-01-16,,2026-05-19 22:11:27.114 +0700
127,"1050010000200000",1759259.00,2025-01-16,,2026-05-19 22:11:27.114 +0700
128,"000123002007000",2027777.78,2025-01-16,,2026-05-19 22:11:27.114 +0700
129,"100028005020000",4066666.67,2025-01-16,,2026-05-19 22:11:27.114 +0700
130,"1000350050220000",4066666.67,2025-01-16,,2026-05-19 22:11:27.114 +0700
131,"000329002004001",2592592.59,2025-01-16,,2026-05-19 22:11:27.114 +0700
132,"000329002005000",2592592.59,2025-01-16,,2026-05-19 22:11:27.114 +0700
133,"000225002004000",1805555.56,2025-01-16,,2026-05-19 22:11:27.114 +0700
134,"000225002015000",1805555.56,2025-01-16,,2026-05-19 22:11:27.114 +0700
135,"000225002007000",1805555.56,2025-01-16,,2026-05-19 22:11:27.114 +0700
136,"000225002002000",1805555.56,2025-01-16,,2026-05-19 22:11:27.114 +0700
137,"000217002003000",2212962.96,2025-01-17,,2026-05-19 22:11:27.114 +0700
138,"000218004008000",1320000.00,2025-01-18,,2026-05-19 22:11:27.114 +0700
139,"000217004008000",1300000.00,2025-01-18,,2026-05-19 22:11:27.114 +0700
140,"000218004005000",1320000.00,2025-01-18,,2026-05-19 22:11:27.114 +0700
141,"000331002004000",1250000.00,2025-01-18,,2026-05-19 22:11:27.114 +0700
142,"000231003005000",1200000.00,2025-01-18,,2026-05-19 22:11:27.114 +0700
143,"000125002023000",1050000.00,2025-01-18,,2026-05-19 22:11:27.114 +0700
144,"000324000040000",1300000.00,2025-01-18,,2026-05-19 22:11:27.114 +0700
145,"000217004005000",1300000.00,2025-01-18,,2026-05-19 22:11:27.114 +0700
146,"000217002007000",1150000.00,2025-01-20,,2026-05-19 22:11:27.114 +0700
147,"000218002007000",1180000.00,2025-01-20,,2026-05-19 22:11:27.114 +0700
148,"000324000040000",3879629.63,2025-01-20,,2026-05-19 22:11:27.114 +0700
149,"1010020000050000",7490740.74,2025-01-20,,2026-05-19 22:11:27.114 +0700
150,"000304002004000",2407407.00,2025-01-21,,2026-05-19 22:11:27.114 +0700
151,"000305002022000",1800000.00,2025-01-21,,2026-05-19 22:11:27.114 +0700
152,"000304002019000",2407407.00,2025-01-21,,2026-05-19 22:11:27.114 +0700
153,"1000270020220000",1388889.00,2025-01-21,,2026-05-19 22:11:27.114 +0700
154,"000231003022000",3472222.00,2025-01-21,,2026-05-19 22:11:27.114 +0700
155,"000231003002000",3472222.00,2025-01-21,,2026-05-19 22:11:27.114 +0700
156,"000217004008000",3055556.00,2025-01-21,,2026-05-19 22:11:27.114 +0700
157,"100029005020000",5453703.70,2025-01-22,,2026-05-19 22:11:27.114 +0700
158,"000305002022000",1354166.67,2025-01-22,,2026-05-19 22:11:27.114 +0700
159,"000131002004005",1197685.19,2025-01-22,,2026-05-19 22:11:27.114 +0700
160,"000330002002200",1618981.48,2025-01-22,,2026-05-19 22:11:27.114 +0700
161,"000131002001002",1197685.19,2025-01-22,,2026-05-19 22:11:27.114 +0700
162,"000331002008000",1799537.04,2025-01-22,,2026-05-19 22:11:27.114 +0700
163,"000224002023000",1558796.30,2025-01-22,,2026-05-19 22:11:27.114 +0700
164,"000224002002000",1558796.30,2025-01-22,,2026-05-19 22:11:27.114 +0700
165,"000225002025000",1618981.48,2025-01-22,,2026-05-19 22:11:27.114 +0700
166,"000225002023000",1618981.48,2025-01-22,,2026-05-19 22:11:27.114 +0700
167,"000209002007000",2212962.96,2025-01-22,,2026-05-19 22:11:27.114 +0700
168,"000330002001000",1618981.48,2025-01-22,,2026-05-19 22:11:27.114 +0700
169,"000216002007000",1100000.00,2025-01-23,,2026-05-19 22:11:27.114 +0700
170,"000216002001000",1100000.00,2025-01-23,,2026-05-19 22:11:27.114 +0700
171,"000225002024000",1180000.00,2025-01-23,,2026-05-19 22:11:27.114 +0700
172,"1000300050080000",4527778.00,2025-01-23,,2026-05-19 22:11:27.114 +0700
173,"000131002008001",1200000.00,2025-01-23,,2026-05-19 22:11:27.114 +0700
174,"000131002004005",1200000.00,2025-01-23,,2026-05-19 22:11:27.114 +0700
175,"000131002001002",1200000.00,2025-01-23,,2026-05-19 22:11:27.114 +0700
176,"000131002019002",1200000.00,2025-01-23,,2026-05-19 22:11:27.114 +0700
177,"1000340010240000",1289814.00,2025-01-24,,2026-05-19 22:11:27.114 +0700
178,"1000340010090000",1289814.00,2025-01-24,,2026-05-19 22:11:27.114 +0700
179,"1000330010090000",1354629.00,2025-01-24,,2026-05-19 22:11:27.114 +0700
180,"000215004000000",1558796.00,2025-01-24,,2026-05-19 22:11:27.114 +0700
181,"000124002024000",1498611.00,2025-01-24,,2026-05-19 22:11:27.114 +0700
182,"000225002025000",1618981.00,2025-01-24,,2026-05-19 22:11:27.114 +0700
183,"000125002023000",1318055.00,2025-01-24,,2026-05-19 22:11:27.114 +0700
184,"000225002015000",1618981.00,2025-01-24,,2026-05-19 22:11:27.114 +0700
185,"000225002023000",1618981.00,2025-01-24,,2026-05-19 22:11:27.114 +0700
186,"000225002002000",1618981.00,2025-01-24,,2026-05-19 22:11:27.114 +0700
187,"000125002013000",1318055.00,2025-01-24,,2026-05-19 22:11:27.114 +0700
188,"000401002016000",1300000.00,2025-02-04,,2026-05-19 22:11:27.114 +0700
189,"000217002001000",2212962.96,2025-02-05,,2026-05-19 22:11:27.114 +0700
190,"000231003022000",3694444.44,2025-02-07,,2026-05-19 22:11:27.114 +0700
191,"000305002001000",1050000.00,2025-02-07,,2026-05-19 22:11:27.114 +0700
192,"000334002001000",1210000.00,2025-02-07,,2026-05-19 22:11:27.114 +0700
193,"000218002001000",2305555.56,2025-02-07,,2026-05-19 22:11:27.114 +0700
194,"1010020010220000",5500000.00,2025-02-07,,2026-05-19 22:11:27.114 +0700
195,"000413002022000",2702314.00,2025-02-07,,2026-05-19 22:11:27.114 +0700
196,"1000350050220000",3304166.00,2025-02-07,,2026-05-19 22:11:27.114 +0700
197,"1000300050200000",2943055.00,2025-02-07,,2026-05-19 22:11:27.114 +0700
198,"000225002009000",1618981.00,2025-02-07,,2026-05-19 22:11:27.114 +0700
199,"000224002023000",1558796.00,2025-02-07,,2026-05-19 22:11:27.114 +0700
200,"1010020010050000",5500000.00,2025-02-07,,2026-05-19 22:11:27.114 +0700
201,"1000310050080000",2150000.00,2025-02-10,,2026-05-19 22:11:27.114 +0700
202,"100035005001000",3003787.00,2025-02-10,,2026-05-19 22:11:27.114 +0700
203,"1000310050010000",2150000.00,2025-02-10,,2026-05-19 22:11:27.114 +0700
204,"1000350050220000",3003787.00,2025-02-10,,2026-05-19 22:11:27.114 +0700
205,"000330002002200",1200000.00,2025-02-10,,2026-05-19 22:11:27.114 +0700
206,"000305002022000",1050000.00,2025-02-10,,2026-05-19 22:11:27.114 +0700
207,"000116002023000",500000.00,2025-02-10,,2026-05-19 22:11:27.114 +0700
208,"1000250020220000",500000.00,2025-02-10,,2026-05-19 22:11:27.114 +0700
209,"000490002007000",1400000.00,2025-02-10,,2026-05-19 22:11:27.114 +0700
210,"000490002004000",1400000.00,2025-02-10,,2026-05-19 22:11:27.114 +0700
211,"000490002009000",1400000.00,2025-02-10,,2026-05-19 22:11:27.114 +0700
212,"1010020010050000",2400000.00,2025-02-10,,2026-05-19 22:11:27.114 +0700
213,"000224002004000",1130000.00,2025-02-10,,2026-05-19 22:11:27.114 +0700
214,"000231003022000",1200000.00,2025-02-10,,2026-05-19 22:11:27.114 +0700
215,"000401002016002",1300000.00,2025-02-10,,2026-05-19 22:11:27.114 +0700
216,"000231003023000",1200000.00,2025-02-10,,2026-05-19 22:11:27.114 +0700
217,"000334002013000",1210000.00,2025-02-10,,2026-05-19 22:11:27.114 +0700
218,"000334002004000",1210000.00,2025-02-10,,2026-05-19 22:11:27.114 +0700
219,"000131002004000",1050000.00,2025-02-10,,2026-05-19 22:11:27.114 +0700
220,"000131002004005",1050000.00,2025-02-10,,2026-05-19 22:11:27.114 +0700
221,"000131002007000",1050000.00,2025-02-10,,2026-05-19 22:11:27.114 +0700
222,"000131002019002",1050000.00,2025-02-10,,2026-05-19 22:11:27.114 +0700
223,"000207004000000",1498611.00,2025-02-10,,2026-05-19 22:11:27.114 +0700
224,"1000260020220000",896759.00,2025-02-10,,2026-05-19 22:11:27.114 +0700
225,"1000230020090000",896759.00,2025-02-10,,2026-05-19 22:11:27.114 +0700
226,"000215004000000",2398148.15,2025-02-10,,2026-05-19 22:11:27.114 +0700
227,"000331002022000",2491666.67,2025-02-10,,2026-05-19 22:11:27.114 +0700
228,"000209002007000",1150000.00,2025-02-10,,2026-05-19 22:11:27.114 +0700
229,"000335002004000",1200000.00,2025-02-10,,2026-05-19 22:11:27.114 +0700
230,"1000300050200000",2150000.00,2025-02-10,,2026-05-19 22:11:27.114 +0700
231,"100028005008000",3003787.88,2025-02-10,,2026-05-19 22:11:27.114 +0700
232,"100035005001000",3003787.88,2025-02-10,,2026-05-19 22:11:27.114 +0700
233,"000225002002000",1898148.00,2025-02-11,,2026-05-19 22:11:27.114 +0700
234,"000331002008000",2768518.52,2025-02-11,,2026-05-19 22:11:27.114 +0700
235,"000226003014000",2037037.00,2025-02-11,,2026-05-19 22:11:27.114 +0700
236,"000324000180000",2909722.00,2025-02-11,,2026-05-19 22:11:27.114 +0700
237,"000226003002000",2037037.00,2025-02-11,,2026-05-19 22:11:27.114 +0700
238,"1000240020220000",1148333.00,2025-02-11,,2026-05-19 22:11:27.114 +0700
239,"000226003023000",2037037.00,2025-02-11,,2026-05-19 22:11:27.114 +0700
240,"000217004022000",2488240.74,2025-02-11,,2026-05-19 22:11:27.114 +0700
241,"000217003005000",1916667.00,2025-02-11,,2026-05-19 22:11:27.114 +0700
242,"1000270020220000",1148333.00,2025-02-11,,2026-05-19 22:11:27.114 +0700
243,"000226003023000",1996296.30,2025-02-11,,2026-05-19 22:11:27.114 +0700
244,"000225002002000",1917870.37,2025-02-11,,2026-05-19 22:11:27.114 +0700
245,"000224002023000",1842592.00,2025-02-11,,2026-05-19 22:11:27.114 +0700
246,"000124002024000",1775277.78,2025-02-11,,2026-05-19 22:11:27.114 +0700
247,"1000260020220000",1062314.81,2025-02-11,,2026-05-19 22:11:27.114 +0700
248,"000209002025000",2212962.96,2025-02-13,,2026-05-19 22:11:27.114 +0700
249,"000217002003000",1150000.00,2025-02-14,,2026-05-19 22:11:27.114 +0700
250,"000209002003000",1150000.00,2025-02-14,,2026-05-19 22:11:27.114 +0700
251,"000122002002000",1050000.00,2025-02-14,,2026-05-19 22:11:27.114 +0700
252,"100029005001000",3222643.00,2025-02-14,,2026-05-19 22:11:27.114 +0700
253,"000122002009000",1050000.00,2025-02-14,,2026-05-19 22:11:27.114 +0700
254,"000122002004000",1050000.00,2025-02-14,,2026-05-19 22:11:27.114 +0700
255,"000122002007000",1050000.00,2025-02-14,,2026-05-19 22:11:27.114 +0700
256,"1000250020050000",500000.00,2025-02-14,,2026-05-19 22:11:27.114 +0700
257,"000208002003000",1100000.00,2025-02-14,,2026-05-19 22:11:27.114 +0700
258,"000324000100000",1300000.00,2025-02-14,,2026-05-19 22:11:27.114 +0700
259,"1000330010240000",1231481.00,2025-02-14,,2026-05-19 22:11:27.114 +0700
260,"000225002004000",1180000.00,2025-02-14,,2026-05-19 22:11:27.114 +0700
261,"000217002001000",2129629.63,2025-02-15,,2026-05-19 22:11:27.114 +0700
262,"1010020010220000",2400000.00,2025-02-17,,2026-05-19 22:11:27.114 +0700
263,"000217004022000",1300000.00,2025-02-17,,2026-05-19 22:11:27.114 +0700
264,"000224002024000",1130000.00,2025-02-17,,2026-05-19 22:11:27.114 +0700
265,"000216002001000",1484259.26,2025-02-17,,2026-05-19 22:11:27.114 +0700
266,"000208002003000",1484259.26,2025-02-17,,2026-05-19 22:11:27.114 +0700
267,"000122002004000",1419444.44,2025-02-17,,2026-05-19 22:11:27.114 +0700
268,"1000310050200000",2150000.00,2025-02-17,,2026-05-19 22:11:27.114 +0700
269,"1060010000200000",1231481.48,2025-02-17,,2026-05-19 22:11:27.114 +0700
270,"1050010000200000",1172558.92,2025-02-17,,2026-05-19 22:11:27.114 +0700
271,"000131002001002",1289814.81,2025-02-17,,2026-05-19 22:11:27.114 +0700
272,"000218002003000",1180000.00,2025-02-19,,2026-05-19 22:11:27.114 +0700
273,"000225002025000",1868055.56,2025-02-19,,2026-05-19 22:11:27.114 +0700
274,"100029005020000",3222643.00,2025-02-19,,2026-05-19 22:11:27.114 +0700
275,"000124002009000",1050000.00,2025-02-20,,2026-05-19 22:11:27.114 +0700
276,"1040010000080000",1231481.00,2025-02-20,,2026-05-19 22:11:27.114 +0700
277,"000227002014000",1200000.00,2025-02-20,,2026-05-19 22:11:27.114 +0700
278,"1050010000200000",1172558.00,2025-02-20,,2026-05-19 22:11:27.114 +0700
279,"1000340010240000",1418796.30,2025-02-21,,2026-05-19 22:11:27.114 +0700
280,"000304002020000",1960648.15,2025-02-21,,2026-05-19 22:11:27.114 +0700
281,"1000330010090000",1490092.59,2025-02-21,,2026-05-19 22:11:27.114 +0700
282,"1030010000080000",1172558.00,2025-02-21,,2026-05-19 22:11:27.114 +0700
283,"000218002001000",1498611.00,2025-02-21,,2026-05-19 22:11:27.114 +0700
284,"000224002015000",1558796.00,2025-02-21,,2026-05-19 22:11:27.114 +0700
285,"000218002007000",1498611.00,2025-02-21,,2026-05-19 22:11:27.114 +0700
286,"1000330010090000",1231481.00,2025-02-22,,2026-05-19 22:11:27.114 +0700
287,"000216002003000",1100000.00,2025-02-22,,2026-05-19 22:11:27.114 +0700
288,"1060010000200000",1231481.00,2025-02-22,,2026-05-19 22:11:27.114 +0700
289,"000413002018000",1450000.00,2025-02-22,,2026-05-19 22:11:27.114 +0700
290,"1010020000050000",2400000.00,2025-02-22,,2026-05-19 22:11:27.114 +0700
291,"1060010000200000",1898148.00,2025-02-22,,2026-05-19 22:11:27.114 +0700
292,"1030010000080000",1759259.00,2025-02-22,,2026-05-19 22:11:27.114 +0700
293,"000225002023000",1898148.00,2025-02-22,,2026-05-19 22:11:27.114 +0700
294,"000224002002000",1842592.00,2025-02-22,,2026-05-19 22:11:27.114 +0700
295,"000224002024000",1842592.00,2025-02-22,,2026-05-19 22:11:27.114 +0700
296,"000209002007000",1881018.52,2025-02-24,,2026-05-19 22:11:27.114 +0700
297,"000217002007000",1881018.52,2025-02-24,,2026-05-19 22:11:27.114 +0700
298,"000125002002000",1318055.00,2025-02-25,,2026-05-19 22:11:27.114 +0700
299,"000125002009000",1318055.00,2025-02-25,,2026-05-19 22:11:27.114 +0700
300,"000305002001000",1354166.00,2025-02-25,,2026-05-19 22:11:27.114 +0700
301,"000214004000000",1498611.00,2025-02-25,,2026-05-19 22:11:27.114 +0700
302,"000209002003000",1438425.00,2025-02-25,,2026-05-19 22:11:27.114 +0700
303,"000330002002200",1618981.00,2025-02-25,,2026-05-19 22:11:27.114 +0700
304,"000209002007000",1438425.00,2025-02-25,,2026-05-19 22:11:27.114 +0700
305,"000226003014000",1685185.00,2025-02-25,,2026-05-19 22:11:27.114 +0700
306,"000226003023000",1685185.00,2025-02-25,,2026-05-19 22:11:27.114 +0700
307,"000331002004000",1799537.00,2025-02-25,,2026-05-19 22:11:27.114 +0700
308,"000217002001000",1438425.00,2025-02-25,,2026-05-19 22:11:27.114 +0700
309,"000231003005000",2401388.00,2025-02-25,,2026-05-19 22:11:27.114 +0700
310,"000401002016000",1516666.00,2025-02-25,,2026-05-19 22:11:27.114 +0700
311,"1000300050010000",4527777.78,2025-02-25,,2026-05-19 22:11:27.114 +0700
312,"000330002002200",2490740.74,2025-02-25,,2026-05-19 22:11:27.114 +0700
313,"000330002001000",1618981.00,2025-02-25,,2026-05-19 22:11:27.114 +0700
314,"000331002008000",1799537.00,2025-02-25,,2026-05-19 22:11:27.114 +0700
315,"000413002001000",2702314.00,2025-02-25,,2026-05-19 22:11:27.114 +0700
316,"000331002022000",2768518.52,2025-02-26,,2026-05-19 22:11:27.114 +0700
317,"000217003008000",1594907.00,2025-02-26,,2026-05-19 22:11:27.114 +0700
318,"1000240020220000",956944.00,2025-02-26,,2026-05-19 22:11:27.114 +0700
319,"000218003005000",1655092.00,2025-02-26,,2026-05-19 22:11:27.114 +0700
320,"000131002007000",1197685.00,2025-02-26,,2026-05-19 22:11:27.114 +0700
321,"000401002016002",1516666.00,2025-02-26,,2026-05-19 22:11:27.114 +0700
322,"000324000100000",2521759.00,2025-02-26,,2026-05-19 22:11:27.114 +0700
323,"000217002003000",1438425.00,2025-02-26,,2026-05-19 22:11:27.114 +0700
324,"000225002004000",1618981.00,2025-02-26,,2026-05-19 22:11:27.114 +0700
325,"000226003023000",2425925.93,2025-02-27,,2026-05-19 22:11:27.114 +0700
326,"000207004000000",1694444.44,2025-02-28,,2026-05-19 22:11:27.114 +0700
327,"000231003022000",2844722.22,2025-03-01,,2026-05-19 22:11:27.114 +0700
328,"000227002014000",1846574.07,2025-03-01,,2026-05-19 22:11:27.114 +0700
329,"000226002014000",1996296.30,2025-03-01,,2026-05-19 22:11:27.114 +0700
330,"000225002023000",1917870.37,2025-03-01,,2026-05-19 22:11:27.114 +0700
331,"1000240020220000",1472222.22,2025-03-07,,2026-05-19 22:11:27.114 +0700
332,"000324000100000",2909722.00,2025-03-08,,2026-05-19 22:11:27.114 +0700
333,"000225002025000",1898148.00,2025-03-08,,2026-05-19 22:11:27.114 +0700
334,"000224002026000",1842592.00,2025-03-08,,2026-05-19 22:11:27.114 +0700
335,"000226003023000",2592592.59,2025-03-10,,2026-05-19 22:11:27.114 +0700
336,"1000240020090000",1472222.22,2025-03-10,,2026-05-19 22:11:27.114 +0700
337,"1010020010080000",2400000.00,2025-03-10,,2026-05-19 22:11:27.114 +0700
338,"000335002013000",2488240.74,2025-03-13,,2026-05-19 22:11:27.114 +0700
339,"000334002013000",1960648.15,2025-03-13,,2026-05-19 22:11:27.114 +0700
340,"000125002009000",1561388.89,2025-03-13,,2026-05-19 22:11:27.114 +0700
341,"1000310050200000",3486388.89,2025-03-13,,2026-05-19 22:11:27.114 +0700
342,"1000300050200000",3486388.89,2025-03-13,,2026-05-19 22:11:27.114 +0700
343,"000331002022000",2076389.00,2025-03-13,,2026-05-19 22:11:27.114 +0700
344,"000224002024000",1558796.00,2025-03-14,,2026-05-19 22:11:27.114 +0700
345,"000217003001000",1594907.00,2025-03-14,,2026-05-19 22:11:27.114 +0700
346,"000224002002000",1558796.00,2025-03-14,,2026-05-19 22:11:27.114 +0700
347,"1000340010090000",1172558.00,2025-03-14,,2026-05-19 22:11:27.114 +0700
348,"000131002008001",1197685.00,2025-03-14,,2026-05-19 22:11:27.114 +0700
349,"000131002001002",1197685.00,2025-03-14,,2026-05-19 22:11:27.114 +0700
350,"000225002024000",1618981.00,2025-03-14,,2026-05-19 22:11:27.114 +0700
351,"1000310050010000",3486388.89,2025-03-17,,2026-05-19 22:11:27.114 +0700
352,"000335002001000",2488240.74,2025-03-17,,2026-05-19 22:11:27.114 +0700
353,"000224002004000",2038426.00,2025-03-17,,2026-05-19 22:11:27.114 +0700
354,"000225002004000",2117129.63,2025-03-17,,2026-05-19 22:11:27.114 +0700
355,"000131002019002",1197685.00,2025-03-17,,2026-05-19 22:11:27.114 +0700
356,"000224002004000",1558796.00,2025-03-17,,2026-05-19 22:11:27.114 +0700
357,"000224002026000",1558796.00,2025-03-17,,2026-05-19 22:11:27.114 +0700
358,"000226003015000",1685185.00,2025-03-17,,2026-05-19 22:11:27.114 +0700
359,"000218003008000",2546296.30,2025-03-17,,2026-05-19 22:11:27.114 +0700
360,"000231003005001",2658500.00,2025-03-18,,2026-05-19 22:11:27.114 +0700
361,"000231003002001",2658500.00,2025-03-18,,2026-05-19 22:11:27.114 +0700
362,"000230002002000",1943500.00,2025-03-18,,2026-05-19 22:11:27.114 +0700
363,"000225002004000",2117129.33,2025-03-18,,2026-05-19 22:11:27.114 +0700
364,"000216002003000",1802314.80,2025-03-18,,2026-05-19 22:11:27.114 +0700
365,"100028005008000",3003787.00,2025-03-19,,2026-05-19 22:11:27.114 +0700
366,"000217004008001",2333500.00,2025-03-19,,2026-05-19 22:11:27.114 +0700
367,"000218004008001",2398500.00,2025-03-19,,2026-05-19 22:11:27.114 +0700
368,"1010020000080000",2400000.00,2025-03-19,,2026-05-19 22:11:27.114 +0700
369,"000123002004000",1050000.00,2025-03-19,,2026-05-19 22:11:27.114 +0700
370,"000124002024000",750000.00,2025-03-19,,2026-05-19 22:11:27.114 +0700
371,"1000320010090000",1408249.00,2025-03-19,,2026-05-19 22:11:27.114 +0700
372,"1000310050200000",3178500.00,2025-03-20,,2026-05-19 22:11:27.114 +0700
373,"000217002003000",1881018.52,2025-03-20,,2026-05-19 22:11:27.114 +0700
374,"000225002004000",2490740.74,2025-03-20,,2026-05-19 22:11:27.114 +0700
375,"000124002004000",1050000.00,2025-03-20,,2026-05-19 22:11:27.114 +0700
376,"000115002019001",1293500.00,2025-03-20,,2026-05-19 22:11:27.114 +0700
377,"000231003022001",2658500.00,2025-03-20,,2026-05-19 22:11:27.114 +0700
378,"000231003023001",2658500.00,2025-03-20,,2026-05-19 22:11:27.114 +0700
379,"000215004000000",2398148.17,2025-03-21,,2026-05-19 22:11:27.114 +0700
380,"000208002003000",2120370.37,2025-03-22,,2026-05-19 22:11:27.114 +0700
381,"000218004009001",1350000.00,2025-03-24,,2026-05-19 22:11:27.114 +0700
382,"000125002002000",1155000.00,2025-03-24,,2026-05-19 22:11:27.114 +0700
383,"000331002008000",1375000.00,2025-03-24,,2026-05-19 22:11:27.114 +0700
384,"000125002009000",1155000.00,2025-03-24,,2026-05-19 22:11:27.114 +0700
385,"000125002013000",1155000.00,2025-03-24,,2026-05-19 22:11:27.114 +0700
386,"000125002023000",1155000.00,2025-03-24,,2026-05-19 22:11:27.114 +0700
387,"000225002002000",1298000.00,2025-03-24,,2026-05-19 22:11:27.114 +0700
388,"000225002023000",1298000.00,2025-03-24,,2026-05-19 22:11:27.114 +0700
389,"000225002015000",1298000.00,2025-03-24,,2026-05-19 22:11:27.114 +0700
390,"000225002025000",1298000.00,2025-03-24,,2026-05-19 22:11:27.114 +0700
391,"000217003001000",1375000.00,2025-03-24,,2026-05-19 22:11:27.114 +0700
392,"000226003002000",1320000.00,2025-03-24,,2026-05-19 22:11:27.114 +0700
393,"1010020000080000",7490740.74,2025-03-24,,2026-05-19 22:11:27.114 +0700
394,"000209002025000",1438425.00,2025-03-24,,2026-05-19 22:11:27.114 +0700
395,"000114002000000",1000000.00,2025-03-24,,2026-05-19 22:11:27.114 +0700
396,"000224002007000",1130000.00,2025-03-25,,2026-05-19 22:11:27.114 +0700
397,"000225002007000",1180000.00,2025-03-25,,2026-05-19 22:11:27.114 +0700
398,"100029005020000",3544907.00,2025-03-25,,2026-05-19 22:11:27.114 +0700
399,"100029005001000",3544907.00,2025-03-25,,2026-05-19 22:11:27.114 +0700
400,"000217004022001",2333500.00,2025-03-25,,2026-05-19 22:11:27.114 +0700
401,"000216003001000",1534722.00,2025-03-26,,2026-05-19 22:11:27.114 +0700
402,"000218003008000",1655092.00,2025-03-26,,2026-05-19 22:11:27.114 +0700
403,"000218004008000",2160648.00,2025-03-26,,2026-05-19 22:11:27.114 +0700
404,"000209002025000",1086111.00,2025-03-26,,2026-05-19 22:11:27.114 +0700
405,"000490002007000",2798611.00,2025-03-26,,2026-05-19 22:11:27.114 +0700
406,"000217004008000",2100462.00,2025-03-26,,2026-05-19 22:11:27.114 +0700
407,"000490002004000",2798611.00,2025-03-26,,2026-05-19 22:11:27.114 +0700
408,"000217003005000",2100462.00,2025-03-26,,2026-05-19 22:11:27.114 +0700
409,"000131002004005",1197685.00,2025-03-26,,2026-05-19 22:11:27.114 +0700
410,"000331002022000",1799537.00,2025-03-26,,2026-05-19 22:11:27.114 +0700
411,"000335002004000",2100462.00,2025-03-26,,2026-05-19 22:11:27.114 +0700
412,"000314002005000",2100462.00,2025-03-26,,2026-05-19 22:11:27.114 +0700
413,"000314002020000",2100462.00,2025-03-26,,2026-05-19 22:11:27.114 +0700
414,"000334002013000",1655092.00,2025-03-26,,2026-05-19 22:11:27.114 +0700
415,"000216003008000",1534722.00,2025-03-26,,2026-05-19 22:11:27.114 +0700
416,"000218003001000",1655092.00,2025-03-26,,2026-05-19 22:11:27.114 +0700
417,"000218004005000",2160648.00,2025-03-26,,2026-05-19 22:11:27.114 +0700
418,"1000310050010000",2943055.00,2025-03-26,,2026-05-19 22:11:27.114 +0700
419,"000413002018000",2702314.81,2025-03-27,,2026-05-19 22:11:27.114 +0700
420,"000217004005000",2100462.96,2025-03-27,,2026-05-19 22:11:27.114 +0700
421,"000217003008000",1594907.41,2025-03-27,,2026-05-19 22:11:27.114 +0700
422,"000131002004000",1197685.19,2025-03-27,,2026-05-19 22:11:27.114 +0700
423,"000413002022000",2702314.81,2025-03-27,,2026-05-19 22:11:27.114 +0700
424,"000215004000000",1558796.30,2025-03-27,,2026-05-19 22:11:27.114 +0700
425,"000123002002000",1050000.00,2025-03-27,,2026-05-19 22:11:27.114 +0700
426,"000123002009000",1050000.00,2025-03-27,,2026-05-19 22:11:27.114 +0700
427,"000123002007000",1050000.00,2025-03-27,,2026-05-19 22:11:27.114 +0700
428,"000226003023000",1685185.19,2025-03-27,,2026-05-19 22:11:27.114 +0700
429,"000305002001000",1354166.67,2025-03-27,,2026-05-19 22:11:27.114 +0700
430,"1000240020090000",956944.44,2025-03-27,,2026-05-19 22:11:27.114 +0700
431,"1000230020090000",896759.26,2025-03-27,,2026-05-19 22:11:27.114 +0700
432,"1000310050010000",2943055.56,2025-03-27,,2026-05-19 22:11:27.114 +0700
433,"000125002023000",1318055.56,2025-03-27,,2026-05-19 22:11:27.114 +0700
434,"000125002009000",1318055.56,2025-03-27,,2026-05-19 22:11:27.114 +0700
435,"000225002002000",1618981.48,2025-03-27,,2026-05-19 22:11:27.114 +0700
436,"000225002009000",1618981.48,2025-03-27,,2026-05-19 22:11:27.114 +0700
437,"000225002015000",1618981.48,2025-03-27,,2026-05-19 22:11:27.114 +0700
438,"100028005008000",3304166.67,2025-03-27,,2026-05-19 22:11:27.114 +0700
439,"100035005001000",3304166.67,2025-03-27,,2026-05-19 22:11:27.114 +0700
440,"000331002022000",1799537.04,2025-03-27,,2026-05-19 22:11:27.114 +0700
441,"000304002004000",1100000.00,2025-03-27,,2026-05-19 22:11:27.114 +0700
442,"000304002019000",1100000.00,2025-03-27,,2026-05-19 22:11:27.114 +0700
443,"000303002003000",1000000.00,2025-03-27,,2026-05-19 22:11:27.114 +0700
444,"000304002005000",1100000.00,2025-03-27,,2026-05-19 22:11:27.114 +0700
445,"000303002004000",1000000.00,2025-03-27,,2026-05-19 22:11:27.114 +0700
446,"000303002019000",1000000.00,2025-03-27,,2026-05-19 22:11:27.114 +0700
447,"000303002005000",1000000.00,2025-03-27,,2026-05-19 22:11:27.114 +0700
448,"000208002023000",2027777.78,2025-03-27,,2026-05-19 22:11:27.114 +0700
449,"000208002003000",2027777.78,2025-03-27,,2026-05-19 22:11:27.114 +0700
450,"1000340010240000",1172558.00,2025-03-28,,2026-05-19 22:11:27.114 +0700
451,"1000320010090000",1408249.15,2025-03-28,,2026-05-19 22:11:27.114 +0700
452,"1000330010090000",1231481.48,2025-03-28,,2026-05-19 22:11:27.114 +0700
453,"1000340010240000",1172558.92,2025-03-28,,2026-05-19 22:11:27.114 +0700
454,"1030010000080000",1172558.92,2025-03-28,,2026-05-19 22:11:27.114 +0700
455,"000333002001000",2281018.00,2025-03-28,,2026-05-19 22:11:27.114 +0700
456,"000335002001000",2100462.00,2025-03-28,,2026-05-19 22:11:27.114 +0700
457,"000226003002000",1685185.00,2025-03-28,,2026-05-19 22:11:27.114 +0700
458,"000208002007000",2120370.37,2025-03-31,,2026-05-19 22:11:27.114 +0700
459,"000216002007000",2120370.37,2025-03-31,,2026-05-19 22:11:27.114 +0700
460,"000209002003000",2212962.96,2025-03-31,,2026-05-19 22:11:27.114 +0700
461,"000230002027000",1250000.00,2025-03-31,,2026-05-19 22:11:27.114 +0700
462,"000230002001000",1250000.00,2025-03-31,,2026-05-19 22:11:27.114 +0700
463,"000218002003000",1498611.00,2025-03-31,,2026-05-19 22:11:27.114 +0700
464,"000125002002000",2027778.00,2026-01-04,,2026-05-19 22:11:27.114 +0700
465,"000124002004000",1419444.40,2026-01-06,,2026-05-19 22:11:27.114 +0700
466,"1050010000200000",1842593.00,2026-01-06,,2026-05-19 22:11:27.114 +0700
467,"000125002013000",2027778.00,2026-01-06,,2026-05-19 22:11:27.114 +0700
468,"000131002001002",1289814.90,2026-01-06,,2026-05-19 22:11:27.114 +0700
469,"000131002008001",1150000.00,2026-01-06,,2026-05-19 22:11:27.114 +0700
470,"000216002001000",1523148.10,2026-01-06,,2026-05-19 22:11:27.114 +0700
471,"000131002001002",1289814.80,2026-01-06,,2026-05-19 22:11:27.114 +0700
472,"000208002003000",1523148.10,2026-01-06,,2026-05-19 22:11:27.114 +0700
473,"000331002001000",2768518.50,2026-01-07,,2026-05-19 22:11:27.114 +0700
474,"000209002025000",2268519.00,2026-01-08,,2026-05-19 22:11:27.114 +0700
475,"000104002009000",1805556.00,2026-01-10,,2026-05-19 22:11:27.114 +0700
476,"000122002007000",1111111.00,2026-01-12,,2026-05-19 22:11:27.114 +0700
477,"000122002009000",1111111.00,2026-01-12,,2026-05-19 22:11:27.114 +0700
478,"000116002023000",787037.00,2026-01-12,,2026-05-19 22:11:27.114 +0700
479,"000208002007000",1422222.00,2026-01-12,,2026-05-19 22:11:27.114 +0700
480,"000209002007000",1483333.00,2026-01-12,,2026-05-19 22:11:27.114 +0700
481,"000125002009000",1324444.00,2026-01-12,,2026-05-19 22:11:27.114 +0700
482,"000125002002000",1324444.00,2026-01-12,,2026-05-19 22:11:27.114 +0700
483,"000125002023000",1324444.00,2026-01-12,,2026-05-19 22:11:27.114 +0700
484,"1000310050080000",2664259.00,2026-01-12,,2026-05-19 22:11:27.114 +0700
485,"000125002013000",1324444.00,2026-01-12,,2026-05-19 22:11:27.114 +0700
486,"000225002023000",1630000.00,2026-01-12,,2026-05-19 22:11:27.114 +0700
487,"1000310050200000",2664259.00,2026-01-12,,2026-05-19 22:11:27.114 +0700
488,"000122002019000",1324444.00,2026-01-12,,2026-05-19 22:11:27.114 +0700
489,"000230002013000",1813333.00,2026-01-12,,2026-05-19 22:11:27.114 +0700
490,"000401002016000",1544444.00,2026-01-12,,2026-05-19 22:11:27.114 +0700
491,"000122002009001",1324444.00,2026-01-12,,2026-05-19 22:11:27.114 +0700
492,"000230002002000",1813333.00,2026-01-12,,2026-05-19 22:11:27.114 +0700
493,"000122002022000",1324444.00,2026-01-12,,2026-05-19 22:11:27.114 +0700
494,"000122002024000",1324444.00,2026-01-12,,2026-05-19 22:11:27.114 +0700
495,"000217003001000",1605555.00,2026-01-12,,2026-05-19 22:11:27.114 +0700
496,"000217003008000",1605555.00,2026-01-12,,2026-05-19 22:11:27.114 +0700
497,"000217003005000",1605555.00,2026-01-12,,2026-05-19 22:11:27.114 +0700
498,"000219002023000",1758333.00,2026-01-12,,2026-05-19 22:11:27.114 +0700
499,"000224002015000",1568888.00,2026-01-12,,2026-05-19 22:11:27.114 +0700
500,"000224002023000",1568888.00,2026-01-12,,2026-05-19 22:11:27.114 +0700
501,"1000320010090000",1111111.00,2026-01-12,,2026-05-19 22:11:27.114 +0700
502,"000230002023000",1813333.00,2026-01-12,,2026-05-19 22:11:27.114 +0700
503,"000230002009000",1813333.00,2026-01-12,,2026-05-19 22:11:27.114 +0700
504,"000401002016002",1544444.00,2026-01-12,,2026-05-19 22:11:27.114 +0700
505,"000336002001000",1391666.00,2026-01-12,,2026-05-19 22:11:27.114 +0700
506,"000336002004000",1391666.00,2026-01-12,,2026-05-19 22:11:27.114 +0700
507,"000336002022000",1391666.00,2026-01-12,,2026-05-19 22:11:27.114 +0700
508,"100029005010000",2974444.00,2026-01-12,,2026-05-19 22:11:27.114 +0700
509,"1000400050010000",2974444.00,2026-01-12,,2026-05-19 22:11:27.114 +0700
510,"1000400050020000",2974444.00,2026-01-12,,2026-05-19 22:11:27.114 +0700
511,"1000400050200000",2974444.00,2026-01-12,,2026-05-19 22:11:27.114 +0700
512,"1000320050010000",2974444.00,2026-01-12,,2026-05-19 22:11:27.114 +0700
513,"1000320050020000",2974444.00,2026-01-12,,2026-05-19 22:11:27.114 +0700
514,"100029005220000",2974444.00,2026-01-12,,2026-05-19 22:11:27.114 +0700
515,"1000400050080010",2974444.00,2026-01-12,,2026-05-19 22:11:27.114 +0700
516,"100029005090000",2974444.00,2026-01-12,,2026-05-19 22:11:27.114 +0700
517,"100029005080000",2974444.00,2026-01-12,,2026-05-19 22:11:27.114 +0700
518,"000226003023000",1697222.00,2026-01-12,,2026-05-19 22:11:27.114 +0700
519,"000224002002000",1568888.00,2026-01-12,,2026-05-19 22:11:27.114 +0700
520,"000215004000000",1605555.00,2026-01-12,,2026-05-19 22:11:27.114 +0700
521,"000224002009000",1568888.00,2026-01-12,,2026-05-19 22:11:27.114 +0700
522,"000225002002000",1630000.00,2026-01-12,,2026-05-19 22:11:27.114 +0700
523,"000225002015000",1630000.00,2026-01-12,,2026-05-19 22:11:27.114 +0700
524,"1000320050200000",2974444.00,2026-01-12,,2026-05-19 22:11:27.114 +0700
525,"000131002001002",1150000.00,2026-01-12,,2026-05-19 22:11:27.114 +0700
526,"000216003001000",1180000.00,2026-01-12,,2026-05-19 22:11:27.114 +0700
527,"000219002022000",1400000.00,2026-01-12,,2026-05-19 22:11:27.114 +0700
528,"000333002008000",1500000.00,2026-01-12,,2026-05-19 22:11:27.114 +0700
529,"000333002022002",1500000.00,2026-01-12,,2026-05-19 22:11:27.114 +0700
530,"100029005080000",1600000.00,2026-01-12,,2026-05-19 22:11:27.114 +0700
531,"100029005090000",1600000.00,2026-01-12,,2026-05-19 22:11:27.114 +0700
532,"100029005220000",1600000.00,2026-01-12,,2026-05-19 22:11:27.114 +0700
533,"000214004000000",1544444.00,2026-01-12,,2026-05-19 22:11:27.114 +0700
534,"000102002023000",1146296.00,2026-01-12,,2026-05-19 22:11:27.114 +0700
535,"000106002004000",1275925.00,2026-01-12,,2026-05-19 22:11:27.114 +0700
536,"000105002004000",1146296.00,2026-01-12,,2026-05-19 22:11:27.114 +0700
537,"000225002025000",1630000.00,2026-01-12,,2026-05-19 22:11:27.114 +0700
538,"000225002009000",1630000.00,2026-01-12,,2026-05-19 22:11:27.114 +0700
539,"000232003008000",2247222.00,2026-01-12,,2026-05-19 22:11:27.114 +0700
540,"000232003002000",2247222.00,2026-01-12,,2026-05-19 22:11:27.114 +0700
541,"000337002001000",1636111.00,2026-01-12,,2026-05-19 22:11:27.114 +0700
542,"000337002008000",1636111.00,2026-01-12,,2026-05-19 22:11:27.114 +0700
543,"000216003001000",1544444.00,2026-01-12,,2026-05-19 22:11:27.114 +0700
544,"000216003008000",1544444.00,2026-01-12,,2026-05-19 22:11:27.114 +0700
545,"000224002026000",1568888.00,2026-01-12,,2026-05-19 22:11:27.114 +0700
546,"000226003002000",1697222.00,2026-01-12,,2026-05-19 22:11:27.114 +0700
547,"000105002013000",1146296.00,2026-01-12,,2026-05-19 22:11:27.114 +0700
548,"000226003015000",1697222.00,2026-01-12,,2026-05-19 22:11:27.114 +0700
549,"000217002007000",1483333.00,2026-01-12,,2026-05-19 22:11:27.114 +0700
550,"000131002019002",1183796.00,2026-01-12,,2026-05-19 22:11:27.114 +0700
551,"1000240020090000",957777.00,2026-01-12,,2026-05-19 22:11:27.114 +0700
552,"000334002004000",1666666.00,2026-01-12,,2026-05-19 22:11:27.114 +0700
553,"1040010000080000",1340740.00,2026-01-12,,2026-05-19 22:11:27.114 +0700
554,"000131002001002",1183796.00,2026-01-12,,2026-05-19 22:11:27.114 +0700
555,"000230002014000",1813333.00,2026-01-12,,2026-05-19 22:11:27.114 +0700
556,"000131002008001",1183796.00,2026-01-12,,2026-05-19 22:11:27.114 +0700
557,"000208002023000",1422222.00,2026-01-12,,2026-05-19 22:11:27.114 +0700
558,"1010030010130000",9157407.00,2026-01-12,,2026-05-19 22:11:27.114 +0700
559,"000333002008000",2308333.00,2026-01-12,,2026-05-19 22:11:27.114 +0700
560,"1000240020220000",957777.00,2026-01-12,,2026-05-19 22:11:27.114 +0700
561,"000207004000000",1544444.00,2026-01-12,,2026-05-19 22:11:27.114 +0700
562,"000209002025000",1483333.00,2026-01-12,,2026-05-19 22:11:27.114 +0700
563,"000209002003000",1483333.00,2026-01-12,,2026-05-19 22:11:27.114 +0700
564,"000217002003000",1483333.00,2026-01-12,,2026-05-19 22:11:27.114 +0700
565,"000217002001000",1483333.00,2026-01-12,,2026-05-19 22:11:27.114 +0700
566,"000224002024000",1568888.00,2026-01-12,,2026-05-19 22:11:27.114 +0700
567,"000224002004000",1568888.00,2026-01-12,,2026-05-19 22:11:27.114 +0700
568,"000225002024000",1630000.00,2026-01-12,,2026-05-19 22:11:27.114 +0700
569,"000131002004005",1183796.00,2026-01-12,,2026-05-19 22:11:27.114 +0700
570,"1000270020150000",957777.00,2026-01-13,,2026-05-19 22:11:27.114 +0700
571,"000331002001000",1813333.00,2026-01-13,,2026-05-19 22:11:27.114 +0700
572,"1000270020220000",957777.00,2026-01-13,,2026-05-19 22:11:27.114 +0700
573,"000216003005000",1544444.00,2026-01-13,,2026-05-19 22:11:27.114 +0700
574,"000413002001000",2730000.00,2026-01-13,,2026-05-19 22:11:27.114 +0700
575,"000413002022000",2730000.00,2026-01-13,,2026-05-19 22:11:27.114 +0700
576,"000225002004000",1630000.00,2026-01-13,,2026-05-19 22:11:27.114 +0700
577,"000124002009000",1111111.00,2026-01-13,,2026-05-19 22:11:27.114 +0700
578,"000122002004000",1111111.00,2026-01-13,,2026-05-19 22:11:27.114 +0700
579,"1000230020090000",896666.00,2026-01-13,,2026-05-19 22:11:27.114 +0700
580,"1000260020220000",896666.00,2026-01-13,,2026-05-19 22:11:27.114 +0700
581,"000132002003001",1324444.00,2026-01-13,,2026-05-19 22:11:27.114 +0700
582,"000331002004000",1813333.00,2026-01-13,,2026-05-19 22:11:27.114 +0700
583,"000124002024000",1111111.00,2026-01-13,,2026-05-19 22:11:27.114 +0700
584,"000124002004000",1111111.00,2026-01-13,,2026-05-19 22:11:27.114 +0700
585,"1000340010090000",925925.00,2026-01-13,,2026-05-19 22:11:27.114 +0700
586,"000226003014000",1697222.00,2026-01-13,,2026-05-19 22:11:27.114 +0700
587,"000331002022000",1813333.00,2026-01-13,,2026-05-19 22:11:27.114 +0700
588,"000132002022001",1324444.00,2026-01-13,,2026-05-19 22:11:27.114 +0700
589,"000333002022002",2308333.00,2026-01-13,,2026-05-19 22:11:27.114 +0700
590,"000324000040000",2407777.00,2026-01-13,,2026-05-19 22:11:27.114 +0700
591,"000324000180000",2407777.00,2026-01-13,,2026-05-19 22:11:27.114 +0700
592,"000331002008000",1300000.00,2026-01-14,,2026-05-19 22:11:27.114 +0700
593,"000331002004000",1300000.00,2026-01-14,,2026-05-19 22:11:27.114 +0700
594,"000331002001000",1300000.00,2026-01-14,,2026-05-19 22:11:27.114 +0700
595,"000131002019002",1150000.00,2026-01-14,,2026-05-19 22:11:27.114 +0700
596,"000230002013000",1280000.00,2026-01-14,,2026-05-19 22:11:27.114 +0700
597,"000336002004000",1100000.00,2026-01-14,,2026-05-19 22:11:27.114 +0700
598,"1060010000200000",650000.00,2026-01-14,,2026-05-19 22:11:27.114 +0700
599,"000336002022000",1100000.00,2026-01-14,,2026-05-19 22:11:27.114 +0700
600,"000337002001000",1230000.00,2026-01-14,,2026-05-19 22:11:27.114 +0700
601,"000337002022000",1230000.00,2026-01-14,,2026-05-19 22:11:27.114 +0700
602,"1000320050010000",2150000.00,2026-01-14,,2026-05-19 22:11:27.114 +0700
603,"1000320050020000",2150000.00,2026-01-14,,2026-05-19 22:11:27.114 +0700
604,"1000320050200000",2150000.00,2026-01-14,,2026-05-19 22:11:27.114 +0700
605,"1010030010130000",2850000.00,2026-01-14,,2026-05-19 22:11:27.114 +0700
606,"1030010000080000",500000.00,2026-01-14,,2026-05-19 22:11:27.114 +0700
607,"1040010000080000",650000.00,2026-01-14,,2026-05-19 22:11:27.114 +0700
608,"000131002004005",1150000.00,2026-01-14,,2026-05-19 22:11:27.114 +0700
609,"000336002001000",1100000.00,2026-01-14,,2026-05-19 22:11:27.114 +0700
610,"1000400050200000",3486389.00,2026-01-14,,2026-05-19 22:11:27.114 +0700
611,"000217002007000",2268519.00,2026-01-14,,2026-05-19 22:11:27.114 +0700
612,"000125002023000",2027778.00,2026-01-14,,2026-05-19 22:11:27.114 +0700
613,"1000220020220000",1133611.00,2026-01-14,,2026-05-19 22:11:27.114 +0700
614,"000334002013000",1960648.00,2026-01-14,,2026-05-19 22:11:27.114 +0700
615,"000217003001000",1846574.00,2026-01-14,,2026-05-19 22:11:27.114 +0700
616,"000225002002000",1917870.30,2026-01-14,,2026-05-19 22:11:27.114 +0700
617,"1000320050010000",3486389.00,2026-01-14,,2026-05-19 22:11:27.114 +0700
618,"1000210020090000",1062315.00,2026-01-14,,2026-05-19 22:11:27.114 +0700
619,"1000250020050000",1133611.00,2026-01-14,,2026-05-19 22:11:27.114 +0700
620,"000122002022000",1050000.00,2026-01-14,,2026-05-19 22:11:27.114 +0700
621,"000106002013000",500000.00,2026-01-14,,2026-05-19 22:11:27.114 +0700
622,"000106002004000",500000.00,2026-01-14,,2026-05-19 22:11:27.114 +0700
623,"000122002009001",1050000.00,2026-01-14,,2026-05-19 22:11:27.114 +0700
624,"000105002013000",470000.00,2026-01-14,,2026-05-19 22:11:27.114 +0700
625,"000105002004000",470000.00,2026-01-14,,2026-05-19 22:11:27.114 +0700
626,"000103002009000",500000.00,2026-01-14,,2026-05-19 22:11:27.114 +0700
627,"000106002001000",500000.00,2026-01-14,,2026-05-19 22:11:27.114 +0700
628,"000230002014000",1280000.00,2026-01-15,,2026-05-19 22:11:27.114 +0700
629,"000230002023000",1280000.00,2026-01-15,,2026-05-19 22:11:27.114 +0700
630,"000335002001000",2488240.70,2026-01-15,,2026-05-19 22:11:27.114 +0700
631,"1040010000080000",1490092.60,2026-01-15,,2026-05-19 22:11:27.114 +0700
632,"1000210020090000",1062314.80,2026-01-15,,2026-05-19 22:11:27.114 +0700
633,"000226003023000",1996296.00,2026-01-15,,2026-05-19 22:11:27.114 +0700
634,"000337002022000",1925000.00,2026-01-15,,2026-05-19 22:11:27.114 +0700
635,"1000320050010000",3486388.90,2026-01-15,,2026-05-19 22:11:27.114 +0700
636,"000225002002000",1917870.00,2026-01-15,,2026-05-19 22:11:27.114 +0700
637,"000125002009000",1561389.00,2026-01-15,,2026-05-19 22:11:27.114 +0700
638,"1000400050200000",3486388.90,2026-01-15,,2026-05-19 22:11:27.114 +0700
639,"000225002002000",1917870.40,2026-01-15,,2026-05-19 22:11:27.114 +0700
640,"000335002001000",2488241.00,2026-01-15,,2026-05-19 22:11:27.114 +0700
641,"1000250020050000",1133611.10,2026-01-15,,2026-05-19 22:11:27.114 +0700
642,"000334002013000",1666666.00,2026-01-16,,2026-05-19 22:11:27.114 +0700
643,"000334002001000",1666666.00,2026-01-16,,2026-05-19 22:11:27.114 +0700
644,"000335002001000",2118888.00,2026-01-16,,2026-05-19 22:11:27.114 +0700
645,"1000400050090000",2974444.00,2026-01-16,,2026-05-19 22:11:27.114 +0700
646,"000337002008000",1636113.00,2026-01-16,,2026-05-19 22:11:27.114 +0700
647,"000230002023000",2131759.00,2026-01-16,,2026-05-19 22:11:27.114 +0700
648,"000230002002000",2131759.00,2026-01-16,,2026-05-19 22:11:27.114 +0700
649,"000131002019002",1418796.00,2026-01-16,,2026-05-19 22:11:27.114 +0700
650,"000219002023000",1400000.00,2026-01-16,,2026-05-19 22:11:27.114 +0700
651,"000335002013000",1350000.00,2026-01-16,,2026-05-19 22:11:27.114 +0700
652,"000131002008001",1418796.00,2026-01-16,,2026-05-19 22:11:27.114 +0700
653,"000131002001002",1418796.00,2026-01-16,,2026-05-19 22:11:27.114 +0700
654,"1000240020220000",1133611.00,2026-01-16,,2026-05-19 22:11:27.114 +0700
655,"1000240020090000",1133611.00,2026-01-16,,2026-05-19 22:11:27.114 +0700
656,"000122002009001",1561389.00,2026-01-16,,2026-05-19 22:11:27.114 +0700
657,"000125002023000",1561389.00,2026-01-16,,2026-05-19 22:11:27.114 +0700
658,"000125002002000",1561389.00,2026-01-16,,2026-05-19 22:11:27.114 +0700
659,"000230002013000",2131759.00,2026-01-16,,2026-05-19 22:11:27.114 +0700
660,"000230002014000",2131759.00,2026-01-16,,2026-05-19 22:11:27.114 +0700
661,"1050010000200000",1418796.00,2026-01-16,,2026-05-19 22:11:27.114 +0700
662,"1040010000080000",1490093.00,2026-01-16,,2026-05-19 22:11:27.114 +0700
663,"000224002023000",1846574.00,2026-01-16,,2026-05-19 22:11:27.114 +0700
664,"000224002002000",1846574.00,2026-01-16,,2026-05-19 22:11:27.114 +0700
665,"000122002022000",1561389.00,2026-01-16,,2026-05-19 22:11:27.114 +0700
666,"1000400050080010",2150000.00,2026-01-16,,2026-05-19 22:11:27.114 +0700
667,"000125002013000",1561389.00,2026-01-16,,2026-05-19 22:11:27.114 +0700
668,"1000400050010000",2150000.00,2026-01-16,,2026-05-19 22:11:27.114 +0700
669,"000335002001000",1350000.00,2026-01-16,,2026-05-19 22:11:27.114 +0700
670,"000230002002000",1280000.00,2026-01-16,,2026-05-19 22:11:27.114 +0700
671,"100029005010000",1600000.00,2026-01-16,,2026-05-19 22:11:27.114 +0700
672,"1050010000200000",1275925.00,2026-01-16,,2026-05-19 22:11:27.114 +0700
673,"1000250020220000",957777.00,2026-01-16,,2026-05-19 22:11:27.114 +0700
674,"000117002023000",957777.00,2026-01-16,,2026-05-19 22:11:27.114 +0700
675,"1000250020050000",957777.00,2026-01-17,,2026-05-19 22:11:27.114 +0700
676,"1000220020090000",957777.00,2026-01-17,,2026-05-19 22:11:27.114 +0700
677,"000333002008000",3518519.00,2026-01-17,,2026-05-19 22:11:27.114 +0700
678,"000104002020000",1250000.00,2026-01-17,,2026-05-19 22:11:27.114 +0700
679,"000104002009000",1250000.00,2026-01-17,,2026-05-19 22:11:27.114 +0700
680,"000303002020000",1013888.00,2026-01-17,,2026-05-19 22:11:27.114 +0700
681,"000231002002000",2186111.00,2026-01-19,,2026-05-19 22:11:27.114 +0700
682,"000231002023000",2186111.00,2026-01-19,,2026-05-19 22:11:27.114 +0700
683,"000331002008000",2768519.00,2026-01-19,,2026-05-19 22:11:27.114 +0700
684,"000218002007000",1544444.00,2026-01-19,,2026-05-19 22:11:27.114 +0700
685,"000230002009000",2768518.60,2026-01-19,,2026-05-19 22:11:27.114 +0700
686,"000230002013000",2768518.60,2026-01-19,,2026-05-19 22:11:27.114 +0700
687,"000216002001000",1422222.00,2026-01-19,,2026-05-19 22:11:27.114 +0700
688,"000216002007000",1422222.00,2026-01-19,,2026-05-19 22:11:27.114 +0700
689,"000103002025000",1842593.00,2026-01-20,,2026-05-19 22:11:27.114 +0700
690,"100029005010000",4527778.00,2026-01-20,,2026-05-19 22:11:27.114 +0700
691,"1000400050010000",4527778.00,2026-01-20,,2026-05-19 22:11:27.114 +0700
692,"000217002003000",2041667.00,2026-01-20,,2026-05-19 22:11:27.114 +0700
693,"100029005090000",4527778.00,2026-01-21,,2026-05-19 22:11:27.114 +0700
694,"1000230020090000",1379630.00,2026-01-21,,2026-05-19 22:11:27.114 +0700
695,"000401002016000",2361111.00,2026-01-21,,2026-05-19 22:11:27.114 +0700
696,"100029005080000",4527778.00,2026-01-21,,2026-05-19 22:11:27.114 +0700
697,"000131002008001",1842593.00,2026-01-21,,2026-05-19 22:11:27.114 +0700
698,"000336002001000",2129630.00,2026-01-21,,2026-05-19 22:11:27.114 +0700
699,"100029005220000",4527778.00,2026-01-21,,2026-05-19 22:11:27.114 +0700
700,"1000320010090000",2212963.00,2026-01-21,,2026-05-19 22:11:27.114 +0700
701,"000337002008000",2500000.00,2026-01-21,,2026-05-19 22:11:27.114 +0700
702,"000105002013000",1657407.00,2026-01-21,,2026-05-19 22:11:27.114 +0700
703,"000331002022000",1300000.00,2026-01-21,,2026-05-19 22:11:27.114 +0700
704,"000224002026000",1568888.89,2026-01-22,,2026-05-19 22:11:27.114 +0700
705,"000219002022000",1758333.00,2026-01-22,,2026-05-19 22:11:27.114 +0700
706,"000219002012000",1758333.00,2026-01-22,,2026-05-19 22:11:27.114 +0700
707,"000335002013000",2118888.00,2026-01-22,,2026-05-19 22:11:27.114 +0700
708,"000337002022000",1636111.00,2026-01-22,,2026-05-19 22:11:27.114 +0700
709,"000217003008000",1605555.56,2026-01-22,,2026-05-19 22:11:27.114 +0700
710,"000217003001000",1605555.56,2026-01-22,,2026-05-19 22:11:27.114 +0700
711,"000331002022000",1813333.33,2026-01-22,,2026-05-19 22:11:27.114 +0700
712,"000331002008000",1813333.33,2026-01-22,,2026-05-19 22:11:27.114 +0700
713,"000331002001000",1813333.33,2026-01-22,,2026-05-19 22:11:27.114 +0700
714,"000337002022000",1636111.11,2026-01-22,,2026-05-19 22:11:27.114 +0700
715,"000216003001000",1544444.44,2026-01-22,,2026-05-19 22:11:27.114 +0700
716,"000337002008000",1636111.11,2026-01-22,,2026-05-19 22:11:27.114 +0700
717,"000125002002000",1324444.44,2026-01-22,,2026-05-19 22:11:27.114 +0700
718,"000125002013000",1324444.44,2026-01-22,,2026-05-19 22:11:27.114 +0700
719,"000125002009000",1324444.44,2026-01-22,,2026-05-19 22:11:27.114 +0700
720,"000224002002000",1568888.89,2026-01-22,,2026-05-19 22:11:27.114 +0700
721,"000337002001000",1636111.11,2026-01-22,,2026-05-19 22:11:27.114 +0700
722,"000216003008000",1544444.44,2026-01-22,,2026-05-19 22:11:27.114 +0700
723,"000331002008000",1813333.00,2026-01-22,,2026-05-19 22:11:27.114 +0700
724,"1000210020090000",896666.00,2026-01-22,,2026-05-19 22:11:27.114 +0700
725,"000207004000000",2361111.00,2026-01-22,,2026-05-19 22:11:27.114 +0700
726,"000230002013000",2768519.00,2026-01-22,,2026-05-19 22:11:27.114 +0700
727,"000224002009000",1568888.89,2026-01-22,,2026-05-19 22:11:27.114 +0700
728,"000230002023000",1813333.33,2026-01-22,,2026-05-19 22:11:27.114 +0700
729,"000232003009000",2247222.00,2026-01-22,,2026-05-19 22:11:27.114 +0700
730,"000225002015000",1917870.00,2026-01-22,,2026-05-19 22:11:27.114 +0700
731,"000225002025000",1917870.00,2026-01-22,,2026-05-19 22:11:27.114 +0700
732,"000230002009000",2131759.00,2026-01-22,,2026-05-19 22:11:27.114 +0700
733,"000225002023000",1917870.00,2026-01-22,,2026-05-19 22:11:27.114 +0700
734,"000230002013000",1813333.33,2026-01-22,,2026-05-19 22:11:27.114 +0700
735,"000226003023000",1697222.33,2026-01-22,,2026-05-19 22:11:27.114 +0700
736,"000324000100000",2407777.00,2026-01-22,,2026-05-19 22:11:27.114 +0700
737,"1010030010130000",6854166.00,2026-01-22,,2026-05-19 22:11:27.114 +0700
738,"1010030010220000",6854166.00,2026-01-23,,2026-05-19 22:11:27.114 +0700
739,"000217002007000",2268518.50,2026-01-23,,2026-05-19 22:11:27.114 +0700
740,"000217002001000",2268518.50,2026-01-23,,2026-05-19 22:11:27.114 +0700
741,"000216002007000",1574074.10,2026-01-23,,2026-05-19 22:11:27.114 +0700
742,"000217003008000",2453704.00,2026-01-23,,2026-05-19 22:11:27.114 +0700
743,"000217003001000",2453704.00,2026-01-23,,2026-05-19 22:11:27.114 +0700
744,"000102002009000",1146296.00,2026-01-24,,2026-05-19 22:11:27.114 +0700
745,"000103002009000",1275925.00,2026-01-24,,2026-05-19 22:11:27.114 +0700
746,"1000400050020000",2150000.00,2026-01-24,,2026-05-19 22:11:27.114 +0700
747,"1000400050200000",2150000.00,2026-01-24,,2026-05-19 22:11:27.114 +0700
748,"1000400050080000",2974444.00,2026-01-24,,2026-05-19 22:11:27.114 +0700
749,"000335002004000",2118888.00,2026-01-24,,2026-05-19 22:11:27.114 +0700
750,"000413002022000",4157407.00,2026-01-24,,2026-05-19 22:11:27.114 +0700
751,"000331002008000",2212962.96,2026-01-24,,2026-05-19 22:11:27.114 +0700
752,"000122002024000",1050000.00,2026-01-24,,2026-05-19 22:11:27.114 +0700
753,"000230002009000",1280000.00,2026-01-24,,2026-05-19 22:11:27.114 +0700
754,"000219002012000",1400000.00,2026-01-26,,2026-05-19 22:11:27.114 +0700
755,"000218002007000",2361111.00,2026-01-26,,2026-05-19 22:11:27.114 +0700
756,"000209002007000",2268518.50,2026-01-26,,2026-05-19 22:11:27.114 +0700
757,"000333002022002",3518519.00,2026-01-26,,2026-05-19 22:11:27.114 +0700
758,"000225002009000",2490741.00,2026-01-26,,2026-05-19 22:11:27.114 +0700
759,"000232003009000",1600000.00,2026-01-27,,2026-05-19 22:11:27.114 +0700
760,"000104002009000",500000.00,2026-01-27,,2026-05-19 22:11:27.114 +0700
761,"000102002009000",470000.00,2026-01-27,,2026-05-19 22:11:27.114 +0700
762,"1050010000200000",550000.00,2026-01-27,,2026-05-19 22:11:27.114 +0700
763,"000208002003000",2175926.00,2026-01-27,,2026-05-19 22:11:27.114 +0700
764,"000208002023000",2175926.00,2026-01-27,,2026-05-19 22:11:27.114 +0700
765,"000231002023000",3333333.00,2026-01-27,,2026-05-19 22:11:27.114 +0700
766,"1000400050080010",4527778.00,2026-01-27,,2026-05-19 22:11:27.114 +0700
767,"000216002003000",1422222.00,2026-01-27,,2026-05-19 22:11:27.114 +0700
768,"000132002001001",1324444.00,2026-01-28,,2026-05-19 22:11:27.114 +0700
769,"000208002003000",1422222.00,2026-01-28,,2026-05-19 22:11:27.114 +0700
770,"000233003022001",2369444.00,2026-01-28,,2026-05-19 22:11:27.114 +0700
771,"000218002003000",1544444.00,2026-01-28,,2026-05-19 22:11:27.114 +0700
772,"1000270020220000",1472222.00,2026-01-28,,2026-05-19 22:11:27.114 +0700
773,"000331002008000",2491666.60,2026-01-28,,2026-05-19 22:11:27.114 +0700
774,"000406002004000",4703704.00,2026-01-29,,2026-05-19 22:11:27.114 +0700
775,"000230002014000",2768519.00,2026-01-29,,2026-05-19 22:11:27.114 +0700
776,"000225002023000",2490741.00,2026-01-29,,2026-05-19 22:11:27.114 +0700
777,"000225002002001",1805555.55,2026-01-29,,2026-05-19 22:11:27.114 +0700
778,"000225002007001",1805555.55,2026-01-29,,2026-05-19 22:11:27.114 +0700
779,"000225002004001",1805555.55,2026-01-29,,2026-05-19 22:11:27.114 +0700
780,"000225002015001",1805555.55,2026-01-29,,2026-05-19 22:11:27.114 +0700
781,"000333002001003",2592592.60,2026-01-29,,2026-05-19 22:11:27.114 +0700
782,"000333002022003",2592592.60,2026-01-29,,2026-05-19 22:11:27.114 +0700
783,"000333002008003",2592592.60,2026-01-29,,2026-05-19 22:11:27.114 +0700
784,"1000320050200000",3416666.70,2026-01-29,,2026-05-19 22:11:27.114 +0700
785,"1000320050020000",3416666.70,2026-01-29,,2026-05-19 22:11:27.114 +0700
786,"1000320050010000",3416666.70,2026-01-29,,2026-05-19 22:11:27.114 +0700
787,"000214004000000",2361111.00,2026-01-29,,2026-05-19 22:11:27.114 +0700
788,"000333002022000",2302222.00,2026-01-29,,2026-05-19 22:11:27.114 +0700
789,"000407002019000",4240741.00,2026-01-30,,2026-05-19 22:11:27.114 +0700
790,"000131002004005",1418796.00,2026-01-30,,2026-05-19 22:11:27.114 +0700
791,"000106002013000",1275925.00,2026-01-31,,2026-05-19 22:11:27.114 +0700
792,"000232003002000",1600000.00,2026-01-31,,2026-05-19 22:11:27.114 +0700
793,"1000310050080000",1600000.00,2026-01-31,,2026-05-19 22:11:27.114 +0700
794,"000122002019000",1050000.00,2026-01-31,,2026-05-19 22:11:27.114 +0700
795,"000231002023000",1500000.00,2026-01-31,,2026-05-19 22:11:27.114 +0700
796,"000231002002000",1500000.00,2026-01-31,,2026-05-19 22:11:27.114 +0700
797,"000225002004000",1200000.00,2026-01-31,,2026-05-19 22:11:27.114 +0700
798,"000225002002000",2490741.00,2026-01-31,,2026-05-19 22:11:27.114 +0700
799,"1040010000080000",1935185.00,2026-02-01,,2026-05-19 22:11:27.114 +0700
800,"000217002001000",2268519.00,2026-02-02,,2026-05-19 22:11:27.114 +0700
801,"000413002001000",4157407.00,2026-02-03,,2026-05-19 22:11:27.114 +0700
802,"1010030010130000",9157407.41,2026-02-03,,2026-05-19 22:11:27.114 +0700
803,"000225002023000",2490740.70,2026-02-03,,2026-05-19 22:11:27.114 +0700
804,"000230002013000",1799444.00,2026-02-04,,2026-05-19 22:11:27.114 +0700
805,"000117002023000",943888.00,2026-02-04,,2026-05-19 22:11:27.114 +0700
806,"000232003002000",2233333.00,2026-02-04,,2026-05-19 22:11:27.114 +0700
807,"000230002023000",1799444.00,2026-02-04,,2026-05-19 22:11:27.114 +0700
808,"000226003023000",1683333.00,2026-02-04,,2026-05-19 22:11:27.114 +0700
809,"000231002002000",2172222.00,2026-02-04,,2026-05-19 22:11:27.114 +0700
810,"000132002022001",1310555.00,2026-02-04,,2026-05-19 22:11:27.114 +0700
811,"000216003008000",1530555.00,2026-02-04,,2026-05-19 22:11:27.114 +0700
812,"000216003001000",1530555.00,2026-02-04,,2026-05-19 22:11:27.114 +0700
813,"000231002023000",2172222.00,2026-02-04,,2026-05-19 22:11:27.114 +0700
814,"000132002001001",1310555.00,2026-02-04,,2026-05-19 22:11:27.114 +0700
815,"000225002023000",1616111.00,2026-02-04,,2026-05-19 22:11:27.114 +0700
816,"000224002015000",1555000.00,2026-02-04,,2026-05-19 22:11:27.114 +0700
817,"000208002003000",1408333.00,2026-02-04,,2026-05-19 22:11:27.114 +0700
818,"000224002024000",1555000.00,2026-02-04,,2026-05-19 22:11:27.114 +0700
819,"000208002007000",1408333.00,2026-02-04,,2026-05-19 22:11:27.114 +0700
820,"000208002023000",1408333.00,2026-02-04,,2026-05-19 22:11:27.114 +0700
821,"000230002009000",1799444.00,2026-02-04,,2026-05-19 22:11:27.114 +0700
822,"000224002026000",1555000.00,2026-02-04,,2026-05-19 22:11:27.114 +0700
823,"000224002009000",1555000.00,2026-02-04,,2026-05-19 22:11:27.114 +0700
824,"000224002023000",1555000.00,2026-02-04,,2026-05-19 22:11:27.114 +0700
825,"000106002013000",1262037.00,2026-02-04,,2026-05-19 22:11:27.114 +0700
826,"1000240020090000",943888.00,2026-02-04,,2026-05-19 22:11:27.114 +0700
827,"1000230020090000",882777.00,2026-02-04,,2026-05-19 22:11:27.114 +0700
828,"000106002004000",1262037.00,2026-02-04,,2026-05-19 22:11:27.114 +0700
829,"000106002001000",1262037.00,2026-02-04,,2026-05-19 22:11:27.114 +0700
830,"000225002002000",1616111.00,2026-02-04,,2026-05-19 22:11:27.114 +0700
831,"000224002002000",1555000.00,2026-02-04,,2026-05-19 22:11:27.114 +0700
832,"000336002022000",1377777.00,2026-02-04,,2026-05-19 22:11:27.114 +0700
833,"000125002013000",1310555.00,2026-02-04,,2026-05-19 22:11:27.114 +0700
834,"000125002009000",1310555.00,2026-02-04,,2026-05-19 22:11:27.114 +0700
835,"1000250020220000",943888.00,2026-02-04,,2026-05-19 22:11:27.114 +0700
836,"1000250020050000",943888.00,2026-02-04,,2026-05-19 22:11:27.114 +0700
837,"1000270020220000",943888.00,2026-02-04,,2026-05-19 22:11:27.114 +0700
838,"000217003001000",1591666.00,2026-02-04,,2026-05-19 22:11:27.114 +0700
839,"000331002001000",1799444.00,2026-02-04,,2026-05-19 22:11:27.114 +0700
840,"000225002025000",1616111.00,2026-02-04,,2026-05-19 22:11:27.114 +0700
841,"1000270020150000",943888.00,2026-02-04,,2026-05-19 22:11:27.114 +0700
842,"000124002009000",1493888.00,2026-02-04,,2026-05-19 22:11:27.114 +0700
843,"000125002023000",1310555.00,2026-02-04,,2026-05-19 22:11:27.114 +0700
844,"000217003008000",1591666.00,2026-02-04,,2026-05-19 22:11:27.114 +0700
845,"000331002008000",1799444.00,2026-02-04,,2026-05-19 22:11:27.114 +0700
846,"1000220020090000",943888.00,2026-02-04,,2026-05-19 22:11:27.114 +0700
847,"000232003008000",2233333.00,2026-02-04,,2026-05-19 22:11:27.114 +0700
848,"1000320050010000",2960555.00,2026-02-04,,2026-05-19 22:11:27.114 +0700
849,"1000320050020000",2960555.00,2026-02-04,,2026-05-19 22:11:27.114 +0700
850,"000207004000000",1530555.00,2026-02-04,,2026-05-19 22:11:27.114 +0700
851,"000217002001000",1469444.00,2026-02-04,,2026-05-19 22:11:27.114 +0700
852,"000214004000000",1530555.00,2026-02-04,,2026-05-19 22:11:27.114 +0700
853,"000230002002000",1799444.00,2026-02-04,,2026-05-19 22:11:27.114 +0700
854,"000331002004000",1799444.00,2026-02-04,,2026-05-19 22:11:27.114 +0700
855,"1000260020220000",882777.00,2026-02-04,,2026-05-19 22:11:27.114 +0700
856,"000132002003001",1310555.00,2026-02-04,,2026-05-19 22:11:27.114 +0700
857,"000334002001000",1652777.00,2026-02-04,,2026-05-19 22:11:27.114 +0700
858,"000225002015000",1616111.00,2026-02-04,,2026-05-19 22:11:27.114 +0700
859,"1000400050080010",2960555.00,2026-02-04,,2026-05-19 22:11:27.114 +0700
860,"1000400050020000",2960555.00,2026-02-04,,2026-05-19 22:11:27.114 +0700
861,"1000400050010000",2960555.00,2026-02-04,,2026-05-19 22:11:27.114 +0700
862,"000217002007000",1469444.00,2026-02-04,,2026-05-19 22:11:27.114 +0700
863,"000217002003000",1469444.00,2026-02-04,,2026-05-19 22:11:27.114 +0700
864,"000331002022000",1799444.00,2026-02-04,,2026-05-19 22:11:27.114 +0700
865,"000230002014000",1799444.00,2026-02-04,,2026-05-19 22:11:27.114 +0700
866,"000225002004000",1616111.00,2026-02-04,,2026-05-19 22:11:27.114 +0700
867,"000219002012000",1744444.00,2026-02-04,,2026-05-19 22:11:27.114 +0700
868,"000333002022002",2294444.00,2026-02-04,,2026-05-19 22:11:27.114 +0700
869,"000103002025000",1262037.00,2026-02-04,,2026-05-19 22:11:27.114 +0700
870,"000103002023000",1262037.00,2026-02-04,,2026-05-19 22:11:27.114 +0700
871,"000225002009000",1616111.00,2026-02-04,,2026-05-19 22:11:27.114 +0700
872,"000225002024000",1616111.00,2026-02-04,,2026-05-19 22:11:27.114 +0700
873,"000226003002000",1683333.00,2026-02-04,,2026-05-19 22:11:27.114 +0700
874,"000226003015000",1683333.00,2026-02-04,,2026-05-19 22:11:27.114 +0700
875,"1040010000080000",1326851.00,2026-02-04,,2026-05-19 22:11:27.114 +0700
876,"1030010000080000",1262037.00,2026-02-04,,2026-05-19 22:11:27.114 +0700
877,"1060010000200000",1326851.00,2026-02-04,,2026-05-19 22:11:27.114 +0700
878,"1050010000200000",1262037.00,2026-02-04,,2026-05-19 22:11:27.114 +0700
879,"000217003005000",1591666.00,2026-02-04,,2026-05-19 22:11:27.114 +0700
880,"000216003005000",1530555.00,2026-02-04,,2026-05-19 22:11:27.114 +0700
881,"100029005010000",2960555.00,2026-02-04,,2026-05-19 22:11:27.114 +0700
882,"000333002008000",2294444.00,2026-02-04,,2026-05-19 22:11:27.114 +0700
883,"1000320010090000",1521296.00,2026-02-04,,2026-05-19 22:11:27.114 +0700
884,"1000320010040000",1521296.00,2026-02-04,,2026-05-19 22:11:27.114 +0700
885,"000219002022000",1744444.00,2026-02-04,,2026-05-19 22:11:27.114 +0700
886,"100029005220000",2960555.00,2026-02-04,,2026-05-19 22:11:27.114 +0700
887,"1000220020220000",943888.00,2026-02-04,,2026-05-19 22:11:27.114 +0700
888,"000122002024000",1310555.00,2026-02-04,,2026-05-19 22:11:27.114 +0700
889,"1000240020220000",943888.00,2026-02-04,,2026-05-19 22:11:27.114 +0700
890,"000401002016000",1530555.00,2026-02-04,,2026-05-19 22:11:27.114 +0700
891,"000224002004000",1555000.00,2026-02-04,,2026-05-19 22:11:27.114 +0700
892,"000104002020000",500000.00,2026-02-04,,2026-05-19 22:11:27.114 +0700
893,"000103002009000",1262037.00,2026-02-04,,2026-05-19 22:11:27.114 +0700
894,"000335002004000",2105000.00,2026-02-04,,2026-05-19 22:11:27.114 +0700
895,"000335002001000",2105000.00,2026-02-04,,2026-05-19 22:11:27.114 +0700
896,"100029005090000",2960555.00,2026-02-04,,2026-05-19 22:11:27.114 +0700
897,"000131002019002",1169907.00,2026-02-04,,2026-05-19 22:11:27.114 +0700
898,"1000210020090000",882777.00,2026-02-04,,2026-05-19 22:11:27.114 +0700
899,"000407002010000",4240741.00,2026-02-04,,2026-05-19 22:11:27.114 +0700
900,"000419002015000",4240741.00,2026-02-04,,2026-05-19 22:11:27.114 +0700
901,"1060010000200000",1935185.00,2026-02-04,,2026-05-19 22:11:27.114 +0700
902,"000131002004005",1169907.00,2026-02-04,,2026-05-19 22:11:27.114 +0700
903,"000231002002000",3000000.00,2026-02-04,,2026-05-19 22:11:27.114 +0700
904,"000231002023000",3000000.00,2026-02-04,,2026-05-19 22:11:27.114 +0700
905,"000333002008000",3166666.60,2026-02-04,,2026-05-19 22:11:27.114 +0700
906,"000333002022002",3166666.60,2026-02-04,,2026-05-19 22:11:27.114 +0700
907,"000226003023000",2592593.00,2026-02-04,,2026-05-19 22:11:27.114 +0700
908,"000337002001000",1622222.00,2026-02-04,,2026-05-19 22:11:27.114 +0700
909,"000337002022000",1622222.00,2026-02-04,,2026-05-19 22:11:27.114 +0700
910,"000209002007000",1469444.00,2026-02-04,,2026-05-19 22:11:27.114 +0700
911,"000215004000000",1591666.00,2026-02-04,,2026-05-19 22:11:27.114 +0700
912,"000337002008000",1230000.00,2026-02-04,,2026-05-19 22:11:27.114 +0700
913,"000225002024000",1200000.00,2026-02-04,,2026-05-19 22:11:27.114 +0700
914,"000225002023000",1200000.00,2026-02-04,,2026-05-19 22:11:27.114 +0700
915,"000102002009000",1132407.00,2026-02-04,,2026-05-19 22:11:27.114 +0700
916,"000209002025000",1469444.00,2026-02-04,,2026-05-19 22:11:27.114 +0700
917,"000226003014000",1683333.00,2026-02-05,,2026-05-19 22:11:27.114 +0700
918,"1010130010220000",9618055.00,2026-02-05,,2026-05-19 22:11:27.114 +0700
919,"000216002001000",1408333.00,2026-02-05,,2026-05-19 22:11:27.114 +0700
920,"000335002004000",1350000.00,2026-02-05,,2026-05-19 22:11:27.114 +0700
921,"000335002013000",2105000.00,2026-02-05,,2026-05-19 22:11:27.114 +0700
922,"000336002001000",1377777.00,2026-02-05,,2026-05-19 22:11:27.114 +0700
923,"000105002013000",1132407.00,2026-02-05,,2026-05-19 22:11:27.114 +0700
924,"000105002004000",1132407.00,2026-02-05,,2026-05-19 22:11:27.114 +0700
925,"000122002009001",1310555.00,2026-02-05,,2026-05-19 22:11:27.114 +0700
926,"1010030010130000",6840277.00,2026-02-05,,2026-05-19 22:11:27.114 +0700
927,"000232003009000",2233333.00,2026-02-05,,2026-05-19 22:11:27.114 +0700
928,"000413002001000",2716111.00,2026-02-05,,2026-05-19 22:11:27.114 +0700
929,"100029005080000",2960555.00,2026-02-05,,2026-05-19 22:11:27.114 +0700
930,"1000400050200000",2960555.00,2026-02-05,,2026-05-19 22:11:27.114 +0700
931,"000124002004000",1493888.00,2026-02-06,,2026-05-19 22:11:27.114 +0700
932,"000102002023000",1132407.00,2026-02-06,,2026-05-19 22:11:27.114 +0700
933,"000104002009000",1236111.00,2026-02-06,,2026-05-19 22:11:27.114 +0700
934,"000104002020000",1236111.00,2026-02-06,,2026-05-19 22:11:27.114 +0700
935,"000331002004000",2768519.00,2026-02-06,,2026-05-19 22:11:27.114 +0700
936,"000216002007000",1523148.14,2026-02-06,,2026-05-19 22:11:27.114 +0700
937,"1000310050080000",2960555.00,2026-02-06,,2026-05-19 22:11:27.114 +0700
938,"000217002007001",1666666.70,2026-02-06,,2026-05-19 22:11:27.114 +0700
939,"000209002025000",2268518.50,2026-02-06,,2026-05-19 22:11:27.114 +0700
940,"000122002009000",1310555.00,2026-02-07,,2026-05-19 22:11:27.114 +0700
941,"000125002002000",1310555.00,2026-02-07,,2026-05-19 22:11:27.114 +0700
942,"000131002001002",1169907.00,2026-02-07,,2026-05-19 22:11:27.114 +0700
943,"000131002008001",1169907.00,2026-02-07,,2026-05-19 22:11:27.114 +0700
944,"000217004008000",3231481.00,2026-02-07,,2026-05-19 22:11:27.114 +0700
945,"000413002022000",2716111.00,2026-02-07,,2026-05-19 22:11:27.114 +0700
946,"000219002023000",1744444.00,2026-02-07,,2026-05-19 22:11:27.114 +0700
947,"000216002007000",1631944.40,2026-02-07,,2026-05-19 22:11:27.114 +0700
948,"000208002007000",1631944.40,2026-02-07,,2026-05-19 22:11:27.114 +0700
949,"000337002008000",1622222.00,2026-02-07,,2026-05-19 22:11:27.114 +0700
950,"000218002007000",1530555.00,2026-02-07,,2026-05-19 22:11:27.114 +0700
951,"000334002013000",1652777.00,2026-02-07,,2026-05-19 22:11:27.114 +0700
952,"000334002004000",1652777.00,2026-02-07,,2026-05-19 22:11:27.114 +0700
953,"1010130010050000",9618055.00,2026-02-07,,2026-05-19 22:11:27.114 +0700
954,"000116002023000",943888.00,2026-02-09,,2026-05-19 22:11:27.114 +0700
955,"000216002007000",1408333.00,2026-02-09,,2026-05-19 22:11:27.114 +0700
956,"000333002001002",2294444.00,2026-02-09,,2026-05-19 22:11:27.114 +0700
957,"000122002019000",1561389.00,2026-02-09,,2026-05-19 22:11:27.114 +0700
958,"000122002024000",1561389.00,2026-02-09,,2026-05-19 22:11:27.114 +0700
959,"000226003002000",1996296.00,2026-02-09,,2026-05-19 22:11:27.114 +0700
960,"000122002022000",1310555.00,2026-02-09,,2026-05-19 22:11:27.114 +0700
961,"000226003014000",1996296.00,2026-02-09,,2026-05-19 22:11:27.114 +0700
962,"1030010000080000",1418796.00,2026-02-09,,2026-05-19 22:11:27.114 +0700
963,"000224002026000",1846574.00,2026-02-09,,2026-05-19 22:11:27.114 +0700
964,"000224002024000",1846574.00,2026-02-09,,2026-05-19 22:11:27.114 +0700
965,"000224002015000",1846574.00,2026-02-09,,2026-05-19 22:11:27.114 +0700
966,"1000270020150000",1133611.00,2026-02-09,,2026-05-19 22:11:27.114 +0700
967,"1000400050080000",2960555.00,2026-02-09,,2026-05-19 22:11:27.114 +0700
968,"000224002026000",2222222.20,2026-02-09,,2026-05-19 22:11:27.114 +0700
969,"000122002019000",1310555.00,2026-02-10,,2026-05-19 22:11:27.114 +0700
970,"000401002016002",1530555.00,2026-02-10,,2026-05-19 22:11:27.114 +0700
971,"000336002004000",1377777.00,2026-02-10,,2026-05-19 22:11:27.114 +0700
972,"000132002022001",1561389.00,2026-02-10,,2026-05-19 22:11:27.114 +0700
973,"000132002003001",1561389.00,2026-02-10,,2026-05-19 22:11:27.114 +0700
974,"000132002001001",1561389.00,2026-02-10,,2026-05-19 22:11:27.114 +0700
975,"000218002001000",1530555.00,2026-02-10,,2026-05-19 22:11:27.114 +0700
976,"1000270020220000",1133611.00,2026-02-10,,2026-05-19 22:11:27.114 +0700
977,"000226003015000",1996296.00,2026-02-10,,2026-05-19 22:11:27.114 +0700
978,"1000320050200000",2960555.00,2026-02-10,,2026-05-19 22:11:27.114 +0700
979,"1010030010260000",6840277.00,2026-02-10,,2026-05-19 22:11:27.114 +0700
980,"1010030010220000",6840277.00,2026-02-10,,2026-05-19 22:11:27.114 +0700
981,"000216002003000",1408333.00,2026-02-10,,2026-05-19 22:11:27.114 +0700
982,"000224002002000",2398148.00,2026-02-11,,2026-05-19 22:11:27.114 +0700
983,"000218002007000",2037037.00,2026-02-11,,2026-05-19 22:11:27.114 +0700
984,"000225002025000",2166666.60,2026-02-11,,2026-05-19 22:11:27.114 +0700
985,"000401002016000",2037037.00,2026-02-11,,2026-05-19 22:11:27.114 +0700
986,"000225002015000",2166666.60,2026-02-11,,2026-05-19 22:11:27.114 +0700
987,"1000300050010000",4527778.00,2026-02-11,,2026-05-19 22:11:27.114 +0700
988,"1000400050090000",2960555.00,2026-02-12,,2026-05-19 22:11:27.114 +0700
989,"000218002003000",1530555.00,2026-02-12,,2026-05-19 22:11:27.114 +0700
990,"000102002023000",470000.00,2026-02-12,,2026-05-19 22:11:27.114 +0700
991,"000324000180000",2393888.00,2026-02-12,,2026-05-19 22:11:27.114 +0700
992,"000324000040000",2393888.00,2026-02-12,,2026-05-19 22:11:27.114 +0700
993,"000209002003000",1469444.00,2026-02-13,,2026-05-19 22:11:27.114 +0700
994,"000233003022001",2355555.00,2026-02-13,,2026-05-19 22:11:27.114 +0700
995,"000324000100000",2393888.00,2026-02-13,,2026-05-19 22:11:27.114 +0700
996,"000333002001002",2150000.00,2026-02-23,,2026-05-19 22:11:27.114 +0700
997,"000233003022001",2150000.00,2026-02-23,,2026-05-19 22:11:27.114 +0700
998,"000125002009000",1851851.90,2026-02-23,,2026-05-19 22:11:27.114 +0700
999,"000125002013000",1851851.90,2026-02-23,,2026-05-19 22:11:27.114 +0700
1000,"000337002001000",2222222.00,2026-02-23,,2026-05-19 22:11:27.114 +0700
1001,"000125002023000",1851851.90,2026-02-23,,2026-05-19 22:11:27.114 +0700
1002,"000131002001002",1842593.00,2026-02-24,,2026-05-19 22:11:27.114 +0700
1003,"1000240020090000",1472222.00,2026-02-24,,2026-05-19 22:11:27.114 +0700
1004,"1000260020220000",1062314.80,2026-02-24,,2026-05-19 22:11:27.114 +0700
1005,"1000270020150000",1133611.10,2026-02-24,,2026-05-19 22:11:27.114 +0700
1006,"1000220020220000",1133611.10,2026-02-24,,2026-05-19 22:11:27.114 +0700
1007,"000125002009000",1561388.90,2026-02-24,,2026-05-19 22:11:27.114 +0700
1008,"000333002001002",1500000.00,2026-02-25,,2026-05-19 22:11:27.114 +0700
1009,"000225002009000",1917870.00,2026-02-26,,2026-05-19 22:11:27.114 +0700
1010,"000215004000000",2453704.00,2026-02-28,,2026-05-19 22:11:27.114 +0700
1011,"000125002009000",2027778.00,2026-02-28,,2026-05-19 22:11:27.114 +0700
1012,"1030010000080000",1842593.00,2026-02-28,,2026-05-19 22:11:27.114 +0700
1013,"000336002004000",2129630.00,2026-02-28,,2026-05-19 22:11:27.114 +0700
1014,"000230002023000",2768519.00,2026-02-28,,2026-05-19 22:11:27.114 +0700
1015,"000219002023000",2685185.00,2026-02-28,,2026-05-19 22:11:27.114 +0700
1016,"000232003008000",3425926.00,2026-02-28,,2026-05-19 22:11:27.114 +0700
